,,,,,,,,,,,
,,,,,,,Comprado,#NAME?,Setor, ,5.5
,,,,,,,Tota Orçado,#NAME?,23281362.249999996,custo de importação,1.5
,,,,,,,,,,,
SETOR,COTACAO,"DT
COTACAO",PEDIDO,"DT
PEDIDO",FORNECEDOR ,PRODUTO,"QT
PEDIDA",VALOR,ORIGEM,"STATUS DA 
COMRPA ",DISCIPLINA
SETOR - AREA NOVA - GLOBAL RISER,27074,45861,38431,45861,G5 EQUIPAMENTOS E CONSTRUCAO LTDA,PERFURADOR DE SOLO À GASOLINA 52CC 1500W 2HP COM BROCA HELICOIDAL 20X80CM,1,310,BRASIL,Comprado,CIVIL
SETOR - AREA NOVA - GLOBAL RISER,27088,45861,38545,45866,PEDREIRA IMBOASSICA LTDA,BRITA CORRIDA,720,43200,BRASIL,Comprado,CIVIL
SETOR - AREA NOVA - GLOBAL RISER,27087,45861,38546,45866,MAMUTE LOCACOES COMERCIO E SERVICOS LTDA,SERVIÇO DE TERRAPLANAGEM,1,108000,BRASIL,Comprado,CIVIL
SETOR - AREA NOVA - GLOBAL RISER,27225,45869,38671,45873,COMERCIAL TJ ELETRICA E HIDRAULICA,"POSTES DE CONCRETO CURVO PARA SUSTENTAÇÃO DO ALAMBRADO 3,00 METROS ALTURA",32,3872,BRASIL,Comprado,CIVIL
SETOR - AREA NOVA - GLOBAL RISER,27225,45869,38671,45873,COMERCIAL TJ ELETRICA E HIDRAULICA,ARAME FARPADO P/ CERCA,250,175,BRASIL,Comprado,CIVIL
SETOR 1,28002,45936,40623,45974,COMERCIAL TJ ELETRICA E HIDRAULICA,"ALAMBRADO NO MODELO-ARAME GALVANIZADO REVESTIDO DE PVC ALTO ADERENTE FIO 14 MALHA 7,5CM  C/ALTUR.2M",60,2640,BRASIL,Comprado,CIVIL
SETOR 1,28002,45936,40624,45974,CENTRAL DE AÇO MACAE LTDA,"METALON 30MM X 50MM X 2,5MM",180,6296.99,BRASIL,Comprado,CIVIL
SETOR 1,29942,46001,41295,46007,MADEIREIRA IRMAOS CAMPANATI EIRELI-ME,PINUS 3 X 3 - 3MTS,15,225,BRASIL,Comprado,CIVIL
SETOR 1,29942,46001,41295,46007,MADEIREIRA IRMAOS CAMPANATI EIRELI-ME,PINUS 3 X 3 - 3MTS,15,561,BRASIL,Comprado,CIVIL
SETOR 3,,,41254,46006,EDFER - COMERCIO DE FERRO E ACO LTDA,FERRO U 4 SIMPLES 100X40 CH 3                                                                       ,180,4354.2,BRASIL,Comprado,ESTRUTURAL
SETOR 3,,,41254,46006,EDFER - COMERCIO DE FERRO E ACO LTDA,"PERFIL U 5"" SIMPLES CH 4,75                                                                         ",90,7219.8,BRASIL,Comprado,ESTRUTURAL
SETOR 1,29942,46001,41296,46007,EDFER - COMERCIO DE FERRO E ACO LTDA,"PERFIL W150 X 22,50 KG/M ASTM A572 GR.50",60,11880,BRASIL,Comprado,ESTRUTURAL
SETOR 1,29942,46001,41296,46007,EDFER - COMERCIO DE FERRO E ACO LTDA,FERRO U 4 SIMPLES 100X40 CH 3,300,7257,BRASIL,Comprado,ESTRUTURAL
SETOR 1,29942,46001,41297,46007,LAGOS TELHAS LTDA,"TELHA TRAPEZOIDAL GALVANIZADA 6 X 1,10 X 0,43M",50,14185,BRASIL,Comprado,ESTRUTURAL
SETOR 1,40680,46001,42720,,,ESTICADOR OLHAL GANCHO M6,20,0,BRASIL,Em Processo de Compra,CIVIL
SETOR 1,40680,46001,42720,46085,,AREIA,4,600,BRASIL,Comprado,CIVIL
SETOR 1,40680,46001,,,,PINUS 3 X 3 - 3MTS,15,0,BRASIL,Cancelado,CIVIL
SETOR 1,40680,46001,42720,46085,,PEDRA BRITADA,3,630,BRASIL,Comprado,CIVIL
SETOR 1,40680,46001,42720,46085,,"VERGALHAO CA 50 5/16""",120,479,BRASIL,Comprado,CIVIL
SETOR 1,40680,46001,42720,46085,,COLUNA DE FERRO 5/16 20X7,72,1188,BRASIL,Comprado,CIVIL
SETOR 1,40680,46001,42720,46085,,PREGO 17 X 21 COM CABECA,2,44,BRASIL,Comprado,CIVIL
SETOR 1,40680,46001,,,,PARAFUSO GALVANIZADO PARA TELHA CABEÇA 10MM X 30MM,500,0,BRASIL,Cancelado,ESTRUTURAL
SETOR 1,40680,46001,,,,"CABO DE ACO GALVANIZADO 3/8"" 6 X 19S",80,0,BRASIL,Cancelado,ESTRUTURAL
SETOR 1,40680,46001,42720,46085,,SACO DE CIMENTO CPIII,30,1197,BRASIL,Comprado,CIVIL
SETOR 15,,46044,,,FORT CONSTRUCOES COMERCIO E SERVICOS LTDA,FABRICAR E INSTALAR 3 PORTÕES - ESTOQUE,1,12000,BRASIL,Em Orçamento,ESTRUTURAL
SETOR 1,,,,,PROJECARD,DETALHAMENTOS ESTRUTURAL  + PROJETO  (REPLICAÇÃO DE GALPÃO PARA ARMAZENAMENTO),1,7960,BRASIL,Em Orçamento,PROJETO
SETOR 1A - ABASTECIMENTO,23189,45756,37071,45764,MARIO TELHAS COMERCIO DE MATERIAIS DE CONSTRUÇÃO,LONA PLASTICA PRETA,30,90.6,BRASIL,Comprado,CIVIL
SETOR 1A - ABASTECIMENTO,23189,45756,37071,45764,MARIO TELHAS COMERCIO DE MATERIAIS DE CONSTRUÇÃO,"TELHA TRAPEZOIDAL GALVANIZADA 6 X 1,10 X 0,43M",10,2871,BRASIL,Comprado,ESTRUTURAL
SETOR 1A - ABASTECIMENTO,23189,45756,37071,45764,MARIO TELHAS COMERCIO DE MATERIAIS DE CONSTRUÇÃO,IMPERMEABILIZANTE VIAPLUS 7000 FIBRAS,54,776.4,BRASIL,Comprado,CIVIL
SETOR 1A - ABASTECIMENTO,23189,45756,37072,45764,JC TOLEDO MATERIAIS DE CONSTRUCAO LTDA,SACO DE CIMENTO,8,263.2,BRASIL,Comprado,CIVIL
SETOR 1A - ABASTECIMENTO,23189,45756,37072,45764,JC TOLEDO MATERIAIS DE CONSTRUCAO LTDA,MALHA 4.2 Q.92 15 X 15 3 X 2,4,232.44,BRASIL,Comprado,CIVIL
SETOR 1A - ABASTECIMENTO,23189,45756,37072,45764,JC TOLEDO MATERIAIS DE CONSTRUCAO LTDA,AREIA,2,198,BRASIL,Comprado,CIVIL
SETOR 1A - ABASTECIMENTO,23189,45756,37072,45764,JC TOLEDO MATERIAIS DE CONSTRUCAO LTDA,BLOCO DE CIMENTO 10X20X40,100,310,BRASIL,Comprado,CIVIL
SETOR 1A - ABASTECIMENTO,25155,45756,37211,45782,COMERCIAL OFFSHORE MACAE PARAFUSOS E FERRAMENTAS,PARAFUSO AUTO BROCANTE N 12 X 3/4 Nº3,100,40,BRASIL,Comprado,ESTRUTURAL
SETOR 13,,46044,,,FORT CONSTRUCOES COMERCIO E SERVICOS LTDA,FABRICAR UM MEZANINO - ALMOXARIFADO ,1,27500,BRASIL,Em Orçamento,ESTRUTURAL
SETOR 14,41869,46065,42517,46077,FORT CONSTRUCOES COMERCIO E SERVICOS LTDA,"PLANO DE MELHORIA DO SETOR 14, TELHADO DA LAJE DA SALA DE CONTROLE.",1,25000,BRASIL,Comprado,ESTRUTURAL
SETOR 1A,27625,45902,39207,45903,EDFER - COMERCIO DE FERRO E ACO LTDA,"PERFIL AC U SIMPLES 100 X 40 X 2,65 ESP",120,2902.8,BRASIL,Comprado,ESTRUTURAL
SETOR 1A,27625,45902,39208,45903,LAGOS TELHAS LTDA,"TELHA TRAPEZOIDAL GALVANIZADA 6 X 1,10 X 0,43M",45,9045,BRASIL,Comprado,CIVIL
SETOR 1A,41292,46034,42236,46057,ATACADAO 1000 MATERIAIS DE CONSTRUCAO LTDA ME,PEDRA BRITADA,1,210,BRASIL,Comprado,CIVIL
SETOR 1A,41292,46034,42236,46057,ATACADAO 1000 MATERIAIS DE CONSTRUCAO LTDA ME,BLOCO DE CIMENTO 10X20X40,60,228,BRASIL,Comprado,CIVIL
SETOR 1A,41292,46034,42236,46057,ATACADAO 1000 MATERIAIS DE CONSTRUCAO LTDA ME,RADIES 5/16 70X70,6,239.4,BRASIL,Comprado,CIVIL
SETOR 1A,41292,46034,42236,46057,ATACADAO 1000 MATERIAIS DE CONSTRUCAO LTDA ME,COLUNA DE FERRO 5/16 20X7,12,1380,BRASIL,Comprado,CIVIL
SETOR 1A,41292,46034,42236,46057,ATACADAO 1000 MATERIAIS DE CONSTRUCAO LTDA ME,AREIA,2,300,BRASIL,Comprado,CIVIL
SETOR 1A,41292,46034,42236,46057,ATACADAO 1000 MATERIAIS DE CONSTRUCAO LTDA ME,SACO DE CIMENTO CPIII,10,399,BRASIL,Comprado,CIVIL
SETOR 1A,41292,46034,42237,46057,ATACADAO 1000 MATERIAIS DE CONSTRUCAO LTDA ME,SIKA TOP 100 CX. 18KG,2,150,BRASIL,Comprado,CIVIL
SETOR 1A,41643,46034,,,,BETONEIRA 400L PRIME C/MOTOR MONO 2CV 220V 60HZ 4P C/KIT SEGURANCA BIVOLT,1,0,BRASIL,Cancelado,CIVIL
SETOR 2,29817,45995,41097,45995,GON PETRO COMERCIAL LTDA,"PERFIL U ENRIJECIDO 3"" X 1.1/2"" X 3MM",150,8970,BRASIL,Comprado,ESTRUTURAL
SETOR 2,29817,45995,41098,45995,COMERCIAL OFFSHORE MACAE PARAFUSOS E FERRAMENTAS,PARAFUSO GALVANIZADO PARA TELHA CABEÇA 10MM X 30MM,500,300,BRASIL,Comprado,ESTRUTURAL
SETOR 2,29817,45995,41099,45995,LAGOS TELHAS LTDA,"TELHA TRAPEZOIDAL GALVANIZADA 6 X 1,10 X 0,43M",50,10050,BRASIL,Cancelado,ESTRUTURAL
SETOR 2,41641,46057,42278,46059,FORT CONSTRUCOES COMERCIO E SERVICOS LTDA,SERVIÇOS DIVERSIFICADOS NÃO LIGADOS A PRODUÇÃO - ESTRUTURA DE PAREDE DA AREA 2 ,1,11000,BRASIL,Comprado,ESTRUTURAL
SETOR 3,25427,45812,37762,45819,CONSTRUTORA SORDI LTDA,SERVIÇOS DIVERSIFICADOS NÃO LIGADOS A PRODUÇÃO,1,37600,BRASIL,Comprado,ESTRUTURAL
SETOR 3,27860,45929,40626,45974,LAGOS TELHAS LTDA,TELHAS SANDUICHE H=100MM,400,67029.9,BRASIL,Comprado,ESTRUTURAL
SETOR 3,29786,45992,41010,45993,FORT CONSTRUCOES COMERCIO E SERVICOS LTDA,SERVIÇOS DIVERSIFICADOS NÃO LIGADOS A PRODUÇÃO,1,18900,BRASIL,Comprado,ESTRUTURAL
SETOR 3,41253,46031,41857,46035,FORT CONSTRUCOES COMERCIO E SERVICOS LTDA,SERVIÇOS DIVERSIFICADOS NÃO LIGADOS A PRODUÇÃO,1,42000,BRASIL,Comprado,ESTRUTURAL
SETOR 3,41269,46033,42101,46050,RAFIL SUPRIMENTOS OFFSHORE LTDA,FITA ANTICORROSIVA  100MM X 30M PRETA,8,1992,BRASIL,Comprado,ESTRUTURAL
SETOR 3,41273,46034,42141,46051,RAFIL SUPRIMENTOS OFFSHORE LTDA,"PARAFUSO SEXTAVADO AUTOBROCANTE 12X4 ROSCA DUPLA 10,2CM",1800,3960,BRASIL,Comprado,ESTRUTURAL
SETOR 3,41574,46052,42324,46062,LAGOS TELHAS LTDA,TELHAS SANDUICHE H=100MM,150,35125.65,BRASIL,Comprado,ESTRUTURAL
SETOR 3,,,,,PROJECARD,PROJETO E CÁLCULO DE PÓRTICO SOBRE TRILHO,1,6260,BRASIL,Cancelado,PROJETO
SETOR 3,,,,,BARBARA COSNTRUÇÃO,FABRICAÇÃO DA ESTRUTURA - TESOURAS + MONTAGEM (FORN BARBARA CONSTRU),1,145000,BRASIL,Cancelado,ESTRUTURAL
SETOR 3,,,,,VOCAN,FABRICAÇÃO DA ESTRUTURA - TESOURAS + MONTAGEM (FORN VOLCAN),1,189750,BRASIL,Cancelado,ESTRUTURAL
SETOR 3,,,,,DIAMETTRO,FABRICAÇÃO DE 7 TESOURAS - (FORN DIAMETRO),1,72500,BRASIL,Cancelado,ESTRUTURAL
SETOR 3 - PETROHAB,25094,45772,37217,45782,SERFER COM E IND FERRO E AÇO LTDA,"CHAPA DE XADREZ 1/4"" A36",3160,8315.86,BRASIL,Comprado,ESTRUTURAL
SETOR 3 - PETROHAB,25513,45819,37969,45832,CEDISA CENTRAL DE ACO S/A - FABRICACAO,"CHAPA DE XADREZ 1/4"" A36",890,5750.02,BRASIL,Comprado,ESTRUTURAL
SETOR 4,24509,45706,36110,45712,JCM NITEROI REFRIGERAÇÃO LTDA,BEBEDOURO INDUSTRIAL 200 LITROS ACO INOX,1,3628.65,BRASIL,Comprado,OPERACIONAL
SETOR 4,,45992,,,ONEN,EMPILHADEIRA – FORKLIFT-CPDD-V3530L,1,98968.97,CHINA,Orçamento não Apravado,OPERACIONAL
SETOR 4,,45992,,,FEIDA,MÁQUINA DE SOLDA TIG – TIG-250,1,914.38,CHINA,Orçamento não Apravado,OPERACIONAL
SETOR 4,,45992,,,FEIDA,MÁQUINA DE SOLDA MIG – MIG-300,1,2916.38,CHINA,Orçamento não Apravado,OPERACIONAL
SETOR 4,,45992,,,KAITAI,MÁQUINA DE SOLDA TIG AC/DC – TIG-250AC/DC,1,2184.39,CHINA,Orçamento não Apravado,OPERACIONAL
SETOR 4,,45992,,,KAITAI,MÁQUINA DE SOLDA MIG – MIG 350H,1,3413.12,CHINA,Orçamento não Apravado,OPERACIONAL
SETOR 4,,45992,,,ANHUI HUAXIA,GUILHOTINA HIDRÁULICA – QC11K-16X2500,1,152907.76,CHINA,Orçamento não Apravado,OPERACIONAL
SETOR 4,,45992,,,CNC RADIAL DRILLING,FURADEIRA RADIAL – Z3040*10,1,27304.97,CHINA,Orçamento não Apravado,OPERACIONAL
SETOR 4,,45992,,,JIANGSU BOHUI MACHINERY,SUPORTE DE TUBO COM RODAS – PIPE JACK STAND WITH WHEELS-BRACKET/11 07,1,698.29,CHINA,Orçamento não Apravado,OPERACIONAL
SETOR 4,,45992,,,JIANGSU BOHUI MACHINERY,SUPORTE DE TUBO – PIPE SUPPORT STAND-BRACKET/11 07R,1,262.09,CHINA,Orçamento não Apravado,OPERACIONAL
SETOR 4,,45992,,,HANGZHOU DOWELD PIPING TECHNOLOGY CO.,CHANFRO MÁQUINA – BEVELING-WPP252-1,1,7611.26,CHINA,Orçamento não Apravado,OPERACIONAL
SETOR 4,,45992,,,HANGZHOU DOWELD PIPING TECHNOLOGY CO.,CHANFRO MÁQUINA – BEVELING-M42,1,266.23,CHINA,Orçamento não Apravado,OPERACIONAL
SETOR 4,,45992,,,HANGZHOU DOWELD PIPING TECHNOLOGY CO.,CHANFRO MÁQUINA – BEVELING-WPE-352,1,8880.99,CHINA,Orçamento não Apravado,OPERACIONAL
SETOR 4,,45992,,,HANGZHOU DOWELD PIPING TECHNOLOGY CO.,CHANFRO MÁQUINA – BEVELING-M42,1,266.23,CHINA,Orçamento não Apravado,OPERACIONAL
SETOR 4,,45992,,,HANGZHOU DOWELD PIPING TECHNOLOGY CO.,CHANFRO MÁQUINA – BEVELING-WPP120,1,5290.38,CHINA,Orçamento não Apravado,OPERACIONAL
SETOR 4,,45992,,,HANGZHOU DOWELD PIPING TECHNOLOGY CO.,CHANFRO MÁQUINA – BEVELING-M42,1,266.23,CHINA,Orçamento não Apravado,OPERACIONAL
SETOR 4,,45992,,,FOSHAN JUNDELONG MACHINERY EQUIPMENT ,MÁQUINA DE CORTE DE TUBO – PIPE CUTTING-JD-300,1,4778.33,CHINA,Orçamento não Apravado,OPERACIONAL
SETOR 4,,45992,,,WINCOO ENGINEERING CO.,MÁQUINA DE CHANFRO DE TUBO – PIPE BEVELING-WG2-11,1,3850,CHINA,Orçamento não Apravado,OPERACIONAL
SETOR 4,,46009,,,MUTIAN -,PORTICO ELÉTRICO,1,13523.13,CHINA,Orçamento não Apravado,OPERACIONAL
SETOR 4,,46009,,,NANJIE - ,CARRINHO ELÉTRICO,1,3839.89,CHINA,Orçamento não Apravado,OPERACIONAL
SETOR 4,,46009,,,HUAYUAN - ,PONTE ROLANTE,1,73323.25,CHINA,Orçamento não Apravado,OPERACIONAL
SETOR 4,,46009,,,PEISA -,PORTICO ELÉTRICO,1,6707.66,CHINA,Orçamento não Apravado,OPERACIONAL
SETOR 4,,46009,,,WUXI DATANG DLH0810 -,MANIPULADOR DE SOLDAGEM,1,64410.02,CHINA,Orçamento não Apravado,OPERACIONAL
SETOR 4,,46009,,,WUXI DATANG DLH1520 - ,MANIPULADOR DE SOLDAGEM,1,172045.53,CHINA,Orçamento não Apravado,OPERACIONAL
SETOR 4,,46009,,,WUXI DATANG HB12 - ,POSICIONADOR DE SOLDAGEM,1,779413.25,CHINA,Orçamento não Apravado,OPERACIONAL
SETOR 4,,46009,,,WUXI DATANG - ,KIT DE PEÇAS DE REPOSIÇÃO,1,48683.25,CHINA,Orçamento não Apravado,OPERACIONAL
SETOR 4,,46009,,,ACME 6036TKA - ,MÁQUINA DE CORTE LASER DE TUBO,1,1429312.5,CHINA,Cancelado,OPERACIONAL
SETOR 4,,46009,,,ACME 6055TKA,MÁQUINA DE CORTE LASER DE TUBO,1,1944250,CHINA,Cancelado,OPERACIONAL
SETOR 4,,46009,,,HONHNIU HN6036SN,MÁQUINA DE CORTE LASER DE TUBO FIBRA,1,1266650,CHINA,Cancelado,OPERACIONAL
SETOR 4,,46009,,,SENFENG SF6035GST,MÁQUINA DE CORTE LASER DE TUBO,1,2204125,CHINA,Cancelado,OPERACIONAL
SETOR 4,,46009,,,WUXI DATANG,POSICIONADOR DE SOLDA – WELDING POSITIONER,1,16177.6,CHINA,Cancelado,OPERACIONAL
SETOR 4,,46009,,,WUXI DATANG,VIRADOR DE SOLDA LEVE – LIGHT WELDING ROTATOR,1,72758.46,CHINA,Cancelado,OPERACIONAL
SETOR 4,,46009,,,WUXI DATANG,VIRADOR DE SOLDA COM FUSO AJUSTÁVEL – LEAD SCREW ADJUSTABLE WELDING ROTATOR,1,239265.57,CHINA,Orçamento não Apravado,OPERACIONAL
SETOR 4,,46009,,,WUXI DATANG,MANIPULADOR DE SOLDA TIPO PEQUENO – SMALL TYPE WELDING MANIPULATOR,1,75314.28,CHINA,Orçamento não Apravado,OPERACIONAL
SETOR 4,,46009,,,WUXI DATANG,MÁQUINA DE CORTE CNC PLASMA COM CHANFRO – CNC PLASMA BEVEL CUTTING MACHINE,1,362840.75,CHINA,Cancelado,OPERACIONAL
SETOR 4,,46009,,,WUXI DATANG,PEÇAS DE REPOSIÇÃO PARA 1 ANO – ONE YEAR SPARE,1,57241.61,CHINA,Cancelado,OPERACIONAL
SETOR 4,,46009,,,QIANSHAN,MÁQUINA CNC CORTE DE PERFIL DE TUBO FLAME/PLASMA – CNC FLAME/PLASMA PIPE PROFILE CUTTING MACHINE,1,842867.22,CHINA,Cancelado,OPERACIONAL
SETOR 4,,46009,,,QIANSHAN,MÁQUINA CNC CORTE DE PERFIL DE TUBO PLASMA – CNC PLASMA PIPE PROFILE CUTTING MACHINE,1,570974.54,CHINA,Cancelado,OPERACIONAL
SETOR 4,,46009,,,LIAOLING HUAYUAN,PONTE ROLANTE DE VIGA SIMPLES – 3 TONELADAS,1,497253.58,CHINA,Orçamento não Apravado,OPERACIONAL
SETOR 4,,46009,,,TXK,GUINDASTE COM GANCHO – HOOK CRANE,1,7585.85,CHINA,Orçamento não Apravado,OPERACIONAL
SETOR 4,,46009,,,TXK,GUINDASTE COM GANCHO – HOOK CRANE,1,9054.05,CHINA,Orçamento não Apravado,OPERACIONAL
SETOR 4,,46009,,,LUZHONG,FURADEIRA RADIAL,1,25829.84,CHINA,Orçamento não Apravado,OPERACIONAL
SETOR 4,,46009,,,BETTER,PALETEIRA ELÉTRICA – 2 METROS / 2 TONELADAS,1,233827.73,CHINA,Orçamento não Apravado,OPERACIONAL
SETOR 4,,46009,,,BOHUI MACHINERY,SUPORTE DE TUBO,1,18896.57,CHINA,Orçamento não Apravado,OPERACIONAL
SETOR 6,,46009,,,PUHUA GROUP,CABINE DE JATEAMENTO COM RECUPERAÇÃO – RECOVERY SAND BLASTING BOOTH,1,419802.27,CHINA,Orçamento não Apravado,OPERACIONAL
SETOR 6,,46009,,,QINGGONG,CABINE DE JATEAMENTO COM RECUPERAÇÃO – RECOVERY SAND BLASTING BOOTH,1,774894.02,CHINA,Orçamento não Apravado,OPERACIONAL
SETOR 4,,46009,,,HUAGONG,CORTE A LASER & BISEL – LASER CUT & BEZEL,1,2127560.05,CHINA,Cancelado,OPERACIONAL
SETOR 4,,46009,,,HUAGONG,CORTE A LASER & BISEL – LASER CUT & BEZEL,1,2175141.24,CHINA,Cancelado,OPERACIONAL
SETOR 4,,46009,,,NUOMAN,PALETEIRA ELETRICA 2 TON - ELECTRIC STACKER,1,44467.5,CHINA,Orçamento não Apravado,OPERACIONAL
SETOR 4,,46009,,,FABRICANTE - CHINA,PATRELEIRA PORTA PALLET PARA O ESTOQUE,25,55362.037500000006,CHINA,Orçamento não Apravado,OPERACIONAL
SETOR 4,,46058,,,SILBER DO BRASIL,MAQUINA DE CORTE E BISEL CNC PLASMA,1,615000,BRASIL,Cancelado,OPERACIONAL
SETOR 2,41750,46063,42355,46063,LANSUN - CHINA,MAQUINA DE CORTE E BISEL CNC PLASMA LANSUN ZLQ-54G,1,172012.5,CHINA,Comprado,OPERACIONAL
SETOR 4,41750,46065,42390,46065,WUXI HALDEN,ROLETES PARA SOLDA CR1 E CR3,1,43594.0725,CHINA,Comprado,OPERACIONAL
SETOR 4,41779,46066,42412,46073,COPERFERRO,BANCADAS METALICAS - FABRICA,1,38688,BRASIL,Comprado,OPERACIONAL
SETOR 2,41907,,42550,46078,LANSUN - CHINA,ACESSORIOS DIVERSOS DA CNC CORTE PLASMA,1,11464.86,CHINA,Comprado,OPERACIONAL
SETOR 4,,,,,PROJECARD,PROJETO ESTRUTURAL PARA PONTE ROLANTE + PROJETO,40,21960,BRASIL,Em Orçamento,PROJETO
SETOR 4 - SALA DA QUALIDADE ,25612,45827,38010,45834,MARIO TELHAS COMERCIO DE MATERIAIS DE CONSTRUÇÃO,BLOCO DE ESPUMA P/ CAMURÇA,5,30.8,BRASIL,Comprado,AMPLIAÇÃO CQ
SETOR 4 - SALA DA QUALIDADE ,25612,45827,38010,45834,MARIO TELHAS COMERCIO DE MATERIAIS DE CONSTRUÇÃO,AREIA,8,1126.4,BRASIL,Comprado,AMPLIAÇÃO CQ
SETOR 4 - SALA DA QUALIDADE ,25612,45827,38010,45834,MARIO TELHAS COMERCIO DE MATERIAIS DE CONSTRUÇÃO,LIGA PARAISO ( SACO 20KG),15,145.2,BRASIL,Comprado,AMPLIAÇÃO CQ
SETOR 4 - SALA DA QUALIDADE ,25612,45827,38010,45834,MARIO TELHAS COMERCIO DE MATERIAIS DE CONSTRUÇÃO,CARRINHO DE MAO,1,152.68,BRASIL,Comprado,AMPLIAÇÃO CQ
SETOR 4 - SALA DA QUALIDADE ,25612,45827,38010,45834,MARIO TELHAS COMERCIO DE MATERIAIS DE CONSTRUÇÃO,DESEMPENADEIRA PLASTICA 12X28 CM,1,13.28,BRASIL,Comprado,AMPLIAÇÃO CQ
SETOR 4 - SALA DA QUALIDADE ,25612,45827,38010,45834,MARIO TELHAS COMERCIO DE MATERIAIS DE CONSTRUÇÃO,DESEMPENADEIRA MADEIRA 19X29 CM,1,24.08,BRASIL,Comprado,AMPLIAÇÃO CQ
SETOR 4 - SALA DA QUALIDADE ,25612,45827,38010,45834,MARIO TELHAS COMERCIO DE MATERIAIS DE CONSTRUÇÃO,"REGUA DE ALUMINIO 2,5M",1,54.96,BRASIL,Comprado,AMPLIAÇÃO CQ
SETOR 4 - SALA DA QUALIDADE ,25612,45827,38011,45834,MYSA S/A,ESPAÇADOR NIVELADOR 2MM SACOS C/ 50 UNID.,10,243.84,BRASIL,Comprado,AMPLIAÇÃO CQ
SETOR 4 - SALA DA QUALIDADE ,25612,45827,38011,45834,MYSA S/A,REJUNTE QUARTZOLIT P/ PORCELANATO 1KG,15,199.47,BRASIL,Comprado,AMPLIAÇÃO CQ
SETOR 4 - SALA DA QUALIDADE ,25612,45827,38011,45834,MYSA S/A,ARGAMASSA,10,197.9,BRASIL,Comprado,AMPLIAÇÃO CQ
SETOR 4 - SALA DA QUALIDADE ,25612,45827,38011,45834,MYSA S/A,SIFAO SANFONADO UNIVERSAL BRANCO,4,19.36,BRASIL,Comprado,AMPLIAÇÃO CQ
SETOR 4 - SALA DA QUALIDADE ,25612,45827,38011,45834,MYSA S/A,JOELHO ESGOTO 40X45,4,8.04,BRASIL,Comprado,AMPLIAÇÃO CQ
SETOR 4 - SALA DA QUALIDADE ,25612,45827,38011,45834,MYSA S/A,PORCELANATO,130.83,6474.78,BRASIL,Comprado,AMPLIAÇÃO CQ
SETOR 4 - SALA DA QUALIDADE ,25612,45827,38011,45834,MYSA S/A,LAVATORIO 53CM BRANCO,1,232.4,BRASIL,Comprado,AMPLIAÇÃO CQ
SETOR 4 - SALA DA QUALIDADE ,25612,45827,38011,45834,MYSA S/A,JOELHO 90° PVC SOLDAVEL 25 MM,10,6.9,BRASIL,Comprado,AMPLIAÇÃO CQ
SETOR 4 - SALA DA QUALIDADE ,25612,45827,38011,45834,MYSA S/A,REGISTRO SOLDAVEL PVC 25MM,2,30.24,BRASIL,Comprado,AMPLIAÇÃO CQ
SETOR 4 - SALA DA QUALIDADE ,25612,45827,38011,45834,MYSA S/A,VALVULA LAVATORIO C/ PORTAL METAL 7CM,1,8.31,BRASIL,Comprado,AMPLIAÇÃO CQ
SETOR 4 - SALA DA QUALIDADE ,25612,45827,38011,45834,MYSA S/A,DUCHA HIGIENICA,3,346.08,BRASIL,Comprado,AMPLIAÇÃO CQ
SETOR 4 - SALA DA QUALIDADE ,25612,45827,38011,45834,MYSA S/A,ENGATE FLEXÍVEL PVC DE 50CM,5,31.4,BRASIL,Comprado,AMPLIAÇÃO CQ
SETOR 4 - SALA DA QUALIDADE ,25612,45827,38011,45834,MYSA S/A,TORNEIRA LAVATÓRIO AUTOMÁTICA,1,183.59,BRASIL,Comprado,AMPLIAÇÃO CQ
SETOR 4 - SALA DA QUALIDADE ,25612,45827,38011,45834,MYSA S/A,REJUNTE EXTRA FINO 1KG,5,99.1,BRASIL,Comprado,AMPLIAÇÃO CQ
SETOR 4 - SALA DA QUALIDADE ,25612,45827,38011,45834,MYSA S/A,TUBO PVC ESGOTO 40MM,1,76.38,BRASIL,Comprado,AMPLIAÇÃO CQ
SETOR 4 - SALA DA QUALIDADE ,25612,45827,38011,45834,MYSA S/A,TE SOLDAVEL C/ BUCHA LATAO 90º RE. 25MM X 3/4,2,26.98,BRASIL,Comprado,AMPLIAÇÃO CQ
SETOR 4 - SALA DA QUALIDADE ,25612,45827,38011,45834,MYSA S/A,JOELHO 90° SOLD BC LT 25MM X 1/2,10,54,BRASIL,Comprado,AMPLIAÇÃO CQ
SETOR 4 - SALA DA QUALIDADE ,25612,45827,38011,45834,MYSA S/A,REVESTIMENTO 33 X60CM P/ BANHEIRO,32.32,872.32,BRASIL,Comprado,AMPLIAÇÃO CQ
SETOR 4 - SALA DA QUALIDADE ,25612,45827,38011,45834,MYSA S/A,CUNHA P/ NIVELAMENTO BASÍCO SACOS C/50 UNID.,10,105.6,BRASIL,Comprado,AMPLIAÇÃO CQ
SETOR 4 - SALA DA QUALIDADE ,26495,45849,38291,45849,COMERCIAL TJ ELETRICA E HIDRAULICA,"CIRANDA P/ MINERAL 1,20 MT",1,135,BRASIL,Comprado,AMPLIAÇÃO CQ
SETOR 4 - SALA DA QUALIDADE ,26857,45854,38342,45854,COMERCIAL TJ ELETRICA E HIDRAULICA,SACO DE CIMENTO CPIII,35,1195.25,BRASIL,Comprado,AMPLIAÇÃO CQ
SETOR 4 - SALA DA QUALIDADE ,26857,45854,38342,45854,COMERCIAL TJ ELETRICA E HIDRAULICA,LIGA PARAISO ( SACO 20KG),25,242,BRASIL,Comprado,AMPLIAÇÃO CQ
SETOR 4 - SALA DA QUALIDADE ,26972,45855,38553,45866,COTIMA COMERCIO DE TINTAS MACAE LTDA,MASSA CORRIDA 25KG,15,511.65,BRASIL,Comprado,AMPLIAÇÃO CQ
SETOR 4 - SALA DA QUALIDADE ,26972,45855,38553,45866,COTIMA COMERCIO DE TINTAS MACAE LTDA,SELADOR DE ACRILICO,2,284.8,BRASIL,Comprado,AMPLIAÇÃO CQ
SETOR 4 - SALA DA QUALIDADE ,27089,45861,38593,45868,APTEX COMERCIO DE MOVEIS DE ESCRITÓRIO EIRELLI,SERVIÇO DE INSTALAÇÃO FORRO E DRYWALL,1,47887,BRASIL,Comprado,AMPLIAÇÃO CQ
SETOR 4 - SALA DA QUALIDADE ,27381,45883,38896,45887,COTIMA COMERCIO DE TINTAS MACAE LTDA,MASSA CORRIDA 25KG,8,969.36,BRASIL,Comprado,AMPLIAÇÃO CQ
SETOR 4 - SALA DA QUALIDADE ,27381,45883,38896,45887,COTIMA COMERCIO DE TINTAS MACAE LTDA,LIXA P/ PAREDE 150,30,27.6,BRASIL,Comprado,AMPLIAÇÃO CQ
SETOR 4 - SALA DA QUALIDADE ,27381,45883,38896,45887,COTIMA COMERCIO DE TINTAS MACAE LTDA,LIXA P/ MADEIRA 180,30,27.9,BRASIL,Comprado,AMPLIAÇÃO CQ
SETOR 4 - SALA DA QUALIDADE ,27381,45883,38896,45887,COTIMA COMERCIO DE TINTAS MACAE LTDA,TINTA ACRILICA CORAL COR: BRANCA 18LT,2,859.88,BRASIL,Comprado,AMPLIAÇÃO CQ
SETOR 4 - SALA DA QUALIDADE ,27381,45883,38896,45887,COTIMA COMERCIO DE TINTAS MACAE LTDA,MASSA ACRILICA 25KG,2,541.32,BRASIL,Comprado,AMPLIAÇÃO CQ
SETOR 4 - SALA DA QUALIDADE ,27465,45890,38994,45891,A M DE SOUZA GOMES COMER DE FERRAM LTDA ­ ME ,SERRA MARMORE,1,467.39,BRASIL,Comprado,AMPLIAÇÃO CQ
SETOR 4 - SALA DA QUALIDADE ,27610,45902,39196,45903,APC DISTRIBUIDORA DE TINTAS LTDA,LIXA P/ MADEIRA 180,10,5.3,BRASIL,Comprado,AMPLIAÇÃO CQ
SETOR 4 - SALA DA QUALIDADE ,27610,45902,39196,45903,APC DISTRIBUIDORA DE TINTAS LTDA,TINTA ACRILICA CORAL COR: BRANCA 18LT,1,354.15,BRASIL,Comprado,AMPLIAÇÃO CQ
SETOR 4 - SALA DA QUALIDADE ,27610,45902,39196,45903,APC DISTRIBUIDORA DE TINTAS LTDA,"TINTA ESMALTE SINTETICO BASE AGUA FOSCO BRANCO 3,6L",3.6,131.73,BRASIL,Comprado,AMPLIAÇÃO CQ
SETOR 4 - SALA DA QUALIDADE ,27610,45902,39196,45903,APC DISTRIBUIDORA DE TINTAS LTDA,LIXA P/ PAREDE 150,10,5.3,BRASIL,Comprado,AMPLIAÇÃO CQ
SETOR 4 - SALA DA QUALIDADE ,27656,45903,39258,45905,GVR UTILIDADES DO LAR LTDA,UTENSILIOS DOMESTICO,2,15.8,BRASIL,Comprado,AMPLIAÇÃO CQ
SETOR 4 - SALA DA QUALIDADE ,27656,45903,39259,45905,DISCAPEL RECREIO COMERCIO VAREJISTA E ATACADISTA L,UTENSILIOS DOMESTICO,1,44.05,BRASIL,Comprado,AMPLIAÇÃO CQ
SETOR 4 - SALA DA QUALIDADE ,28190,45950,41867,46035,E G ALVARENGA MOVEIS PLANEJADOS,SERVIÇOS DIVERSIFICADOS NÃO LIGADOS A PRODUÇÃO,1,3055,BRASIL,Comprado,AMPLIAÇÃO CQ
SETOR 4 - SALA DA QUALIDADE ,29530,45980,41271,46006,A M DE SOUZA GOMES COMER DE FERRAM LTDA ­ ME ,FITA ANTIDERRAPANTE LIXA AUTOADESIVA ZEBRADA AMARELA E PRETA TIPO LIXA 50MMX20MTS,2,273.38,BRASIL,Comprado,AMPLIAÇÃO CQ
SETOR 4 - SALA EPI,26865,45854,38459,45861,LAGOS TELHAS LTDA,"TELHA TRAPEZOIDAL GALVANIZADA 6 X 1,10 X 0,43M",30,6819.66,BRASIL,Comprado,AMPLIAÇÃO SMS
SETOR 4 - SALA EPI,27688,45912,39473,45918,CASA BELLA DE MACAE MATERIAL DE CONSTRUCAO LTDA,SACO DE CIMENTO CPIII,11,346.5,BRASIL,Comprado,AMPLIAÇÃO SMS
SETOR 6A,28415,45958,40711,45979,J B DISTRIBUIDORA DE EMBALAGENS E PRODUTOS EM GERA,TAMBOR METÁLICO 200 LITROS (VAZIO),20,1800,BRASIL,Comprado,OPERACIONAL
SETOR 6,24461,45705,36065,45709,DINAMICA NEGOCIOS E SERVICOS LTDA,SACO DE CIMENTO CPIII,8,284,BRASIL,Comprado,CIVIL
SETOR 6,,45902,,,ANCO BLAST Equipamentos,Câmara de trabalho em chapa de aço carbono,1,396880,BRASIL,Orçamento não Apravado,OPERACIONAL
SETOR 6,,45903,,,ANCO BLAST Equipamentos,Revestimento interno da câmara de trabalho,1,48667,BRASIL,Orçamento não Apravado,OPERACIONAL
SETOR 6,,45904,,,ANCO BLAST Equipamentos,Portas e batentes de fixação,1,66960,BRASIL,Orçamento não Apravado,OPERACIONAL
SETOR 6,,45905,,,ANCO BLAST Equipamentos,Luminárias para câmara de trabalho (21 unidades),21,47481,BRASIL,Orçamento não Apravado,ELÉTRICA
SETOR 6,,45906,,,ANCO BLAST Equipamentos,Sistema transportador vertical – elevador de canecas 6030,1,56325,BRASIL,Orçamento não Apravado,OPERACIONAL
SETOR 6,,45907,,,ANCO BLAST Equipamentos,Separador de abrasivos,1,30427,BRASIL,Orçamento não Apravado,OPERACIONAL
SETOR 6,,45908,,,ANCO BLAST Equipamentos,Cavalete,1,7061,BRASIL,Orçamento não Apravado,OPERACIONAL
SETOR 6,,45909,,,ANCO BLAST Equipamentos,Silos de armazenagem 150 litros cada (02 unidades),2,8130,BRASIL,Orçamento não Apravado,OPERACIONAL
SETOR 6,,45910,,,ANCO BLAST Equipamentos,Máquinas de jato com acessórios e E.P.I (02 unidades),2,78538,BRASIL,Orçamento não Apravado,OPERACIONAL
SETOR 6,,45911,,,ANCO BLAST Equipamentos,Quadro elétrico e de comando,1,48246,BRASIL,Orçamento não Apravado,ELÉTRICA
SETOR 6,,45912,,,ANCO BLAST Equipamentos,Vagoneta de movimentação peças,1,59530,BRASIL,Orçamento não Apravado,OPERACIONAL
SETOR 6,41869,46065,42517,46077,FORT CONSTRUCOES COMERCIO E SERVICOS LTDA,AMPLIAÇÃO DA CABINE DE JATO,1,25000,BRASIL,Comprado,OPERACIONAL
SETOR 6,,46267,,,ANCO BLAST Equipamentos - opção 1,Sistema transportador vertical – elevador de canecas 6630,1,62108,BRASIL,Orçamento não Apravado,OPERACIONAL
SETOR 6,,46267,,,ANCO BLAST Equipamentos - opção 1,Separador de abrasivos,1,31948,BRASIL,Orçamento não Apravado,OPERACIONAL
SETOR 6,,46267,,,ANCO BLAST Equipamentos - opção 1,Cavalete,1,7414,BRASIL,Orçamento não Apravado,OPERACIONAL
SETOR 6,,46267,,,ANCO BLAST Equipamentos - opção 1,Silos de armazenagem 150 litros cada (02 unidades),2,8536,BRASIL,Orçamento não Apravado,OPERACIONAL
SETOR 6,,46267,,,ANCO BLAST Equipamentos - opção 1,Máquinas de jato com acessórios e E.P.I (02 unidades),2,82465,BRASIL,Orçamento não Apravado,OPERACIONAL
SETOR 6,,46267,,,ANCO BLAST Equipamentos - opção 1,Coletor de pó DC 02 com exaustor,1,39657,BRASIL,Orçamento não Apravado,OPERACIONAL
SETOR 6,,46267,,,ANCO BLAST Equipamentos - opção 1,Quadro elétrico e de comando,1,36078,BRASIL,Orçamento não Apravado,ELÉTRICA
SETOR 6,,46267,,,ANCO BLAST Equipamentos - opção 2,Sistema transportador vertical – elevador de canecas 7030,1,64544,BRASIL,Orçamento não Apravado,OPERACIONAL
SETOR 6,,46267,,,ANCO BLAST Equipamentos - opção 2,Separador de abrasivos,1,31948,BRASIL,Orçamento não Apravado,OPERACIONAL
SETOR 6,,46267,,,ANCO BLAST Equipamentos - opção 2,Cavalete com silo 800 litros,1,35484,BRASIL,Orçamento não Apravado,OPERACIONAL
SETOR 6,,46267,,,ANCO BLAST Equipamentos - opção 2,Silos de armazenagem 150 litros cada (02 unidades),2,8536,BRASIL,Orçamento não Apravado,OPERACIONAL
SETOR 6,,46267,,,ANCO BLAST Equipamentos - opção 2,Máquinas de jato com acessórios e E.P.I (02 unidades),2,82465,BRASIL,Orçamento não Apravado,OPERACIONAL
SETOR 6,,46267,,,ANCO BLAST Equipamentos - opção 2,Coletor de pó DC 02 com exaustor,1,39657,BRASIL,Orçamento não Apravado,OPERACIONAL
SETOR 6,,46267,,,ANCO BLAST Equipamentos - opção 2,Quadro elétrico e de comando,1,36078,BRASIL,Orçamento não Apravado,ELÉTRICA
SETOR 7,,,,,SORDI,FORNECIMENTO DE MÃO DE OBRA E EQUIPAMENTOS PARA EXECUÇÃO DE PROJETO ESTRUTURAL DE PÓRTICO,1,13915.66,BRASIL,Cancelado,PROJETO
SETOR 7A,,,,,AWC SOL ENGENHARIA,GALPÃO PRÉ-MOLDADOS - ESTRUTURA (GALPÃO),1,148500,BRASIL,Cancelado,ESTRUTURAL
SETOR 7A,,,,,AWC SOL ENGENHARIA,GALPÃO PRÉ-MOLDADOS - TELHA ,1,15282.42,BRASIL,Cancelado,ESTRUTURAL
SETOR 7A,,,,,AWC SOL ENGENHARIA,GALPÃO PRÉ-MOLDADOS - PAINÉIS DE FECHAMENTO,1,109200,BRASIL,Cancelado,ESTRUTURAL
SETOR 7B,41850,19/02/2026,42692,03/03/2026,RIOS & CORTES LTDA,COLUNA DE FERRO 5/16 20X7,18,1782,BRASIL,Comprado,CIVIL
SETOR 7B,41850,19/02/2026,42692,03/03/2026,RIOS & CORTES LTDA,PEDRA BRITADA,3,597,BRASIL,Comprado,CIVIL
SETOR 7B,41850,19/02/2026,42699,03/03/2026,EDFER - COMERCIO DE FERRO E ACO LTDA,"PERFIL AC U SIMPLES 5"" 130 X 40 X 2,65 ESP",60,1937.9999999999998,BRASIL,Comprado,ESTRUTURAL
SETOR 7B,41850,19/02/2026,42693,03/03/2026,LAGOS TELHAS LTDA,"TELHA TRAPEZOIDAL GALVANIZADA 6 X 1,10 X 0,43M",15,4132.8,BRASIL,Comprado,ESTRUTURAL
SETOR 7B,41850,19/02/2026,42692,03/03/2026,RIOS & CORTES LTDA,RADIES 5/16 70X70,4,159.6,BRASIL,Comprado,CIVIL
SETOR 7B,41850,19/02/2026,42692,03/03/2026,RIOS & CORTES LTDA,MALHA 3.4 Q.61 15 X 15 3 X 2,15,1198.5,BRASIL,Comprado,CIVIL
SETOR 7B,41850,19/02/2026,,,,BETONEIRA 400L PRIME C/MOTOR MONO 2CV 220V 60HZ 4P C/KIT SEGURANCA BIVOLT,1,0,BRASIL,Em Orçamento,CIVIL
SETOR 7B,41850,19/02/2026,42692,03/03/2026,RIOS & CORTES LTDA,SACO DE CIMENTO CPIII,25,997.5,BRASIL,Comprado,CIVIL
SETOR 7B,41850,19/02/2026,42692,03/03/2026,RIOS & CORTES LTDA,AREIA,4,596,BRASIL,Comprado,CIVIL
SETOR 7B,41850,19/02/2026,42692,03/03/2026,RIOS & CORTES LTDA,CARRINHO DE MAO,1,179,BRASIL,Comprado,CIVIL
SETOR 7C,,,,,ENTER,CONSTRUÇÃO DO LABORATORIO - OPÇÃO 1 ,1,38376.75,BRASIL,Em Orçamento,ESTRUTURAL
SETOR 7C,,,,,ENTER,CONSTRUÇÃO DO LABORATORIO - OPÇÃO 2,1,40894.8,BRASIL,Em Orçamento,ESTRUTURAL
SETOR 9,,,,,DIAMETTRO,CONSTRUÇÃO DE SALA DE TREINAMENTO E SALA HSSE,1,192136,BRASIL,Orçamento não Apravado,ESTRUTURAL
SETOR 9,,,,,ENTER,CONSTRUÇÃO DE SALA DE TREINAMENTO E SALA HSSE,1,495386,BRASIL,Orçamento não Apravado,ESTRUTURAL
SETOR 2,,,,,COMPRA DE CABOS ELÉTRICOS PARA LIGAÇÃO DO PAINEL 380V,COMPRA DE CABOS ELÉTRICOS PARA LIGAÇÃO DO PAINEL 380V,0,0,BRASIL,Em Orçamento,ELÉTRICA
SETOR 2,,,42553,46077,COMPRA DE LUMINÁRIAS,COMPRA DE LUMINÁRIAS,0,600,BRASIL,Comprado,ELÉTRICA
SETOR 2,,,,,COMPRA DE PAINÉIS ELÉTRICOS,COMPRA DE PAINÉIS ELÉTRICOS,0,0,BRASIL,Em Orçamento,ELÉTRICA
SETOR 2,,,,,COMPRA DE ELETROCALHAS,COMPRA DE ELETROCALHAS,0,0,BRASIL,Em Orçamento,ELÉTRICA
SETOR 3,,,,,COMPRA DE CABOS ELÉTRICOS,COMPRA DE CABOS ELÉTRICOS,1,0,BRASIL,Em Orçamento,ELÉTRICA
SETOR 3,,,,,PINTURA E DEMARCAÇÕES DA ÁREA,PINTURA E DEMARCAÇÕES DA ÁREA,0,0,BRASIL,Em Orçamento,ELÉTRICA
SETOR 4,,46009,42924,46093,HENAN ZHONGGONG GROUP.,PÓRTICO PORTÁTIL 2T - 5M – GANTRY CRANE,1,15756.179999999998,CHINA,Comprado,ESTRUTURAL
SETOR 4,,46009,42924,46093,HENAN ZHONGGONG GROUP.,PÓRTICO PORTÁTIL 2T - 8M – GANTRY CRANE,2,55862.895000000004,CHINA,Comprado,ESTRUTURAL
SETOR 6,,,,,METALCOATING,CABINE DE JATO,1,200000,BRASIL,Orçamento não Apravado,ESTRUTURAL
SETOR 6,,,,,METALCOATING,TROLLER,1,75000,BRASIL,Orçamento não Apravado,ESTRUTURAL
SETOR 6,,,,,METALCOATING,CAVALETES,-,20000,BRASIL,Orçamento não Apravado,OPERACIONAL
SETOR 7C,,,,,METALCOATING,BOBCAT,1,30000,BRASIL,Orçamento não Apravado,ESTRUTURAL
SETOR 7C,,,,,METALCOATING,LABORÁTORIO DE FBE | PULLOFF COMPLETO,1,400000,BRASIL,Orçamento não Apravado,ESTRUTURAL
SETOR 6,41908,24/02/2026,42593,26/02/2026,CENTRAL DE AÇO MACAE LTDA,"DOBRADIÇA GONZO 1""",6,101.4,BRASIL,Comprado,ESTRUTURAL
SETOR 6,41908,24/02/2026,42594,26/02/2026,EDFER - COMERCIO DE FERRO E ACO LTDA,METALON DW 40 X 40 (CHAPA 18),48,705.6,BRASIL,Comprado,ESTRUTURAL
SETOR 6,41908,24/02/2026,42594,26/02/2026,EDFER - COMERCIO DE FERRO E ACO LTDA,"CHAPA DE AÇO LISA 2,65 MM X 1200 MM X 3000 MM",3010.82,21015.52,BRASIL,Comprado,ESTRUTURAL
SETOR 6,41908,24/02/2026,42594,26/02/2026,EDFER - COMERCIO DE FERRO E ACO LTDA,"CANTONEIRA DE FERRO 2"" (50,8 X 50,8 X 1/4"")",60,2059.2,BRASIL,Comprado,ESTRUTURAL
SETOR 15,41908,24/02/2026,42594,26/02/2026,EDFER - COMERCIO DE FERRO E ACO LTDA,"BARRA CHATA 2 1/2"" X 1/4""",12,218.88,BRASIL,Comprado,ESTRUTURAL
SETOR 7B,41934,26/02/2026,42608,27/02/2026,G5 EQUIPAMENTOS E CONSTRUCAO LTDA,LOCAÇÃO - COMPACTADORA DE SOLO,1,580,BRASIL,Comprado,ESTRUTURAL
SETOR 14,41832,12/02/2026,42524,24/02/2026,EDFER - COMERCIO DE FERRO E ACO LTDA,"PERFIL AC U SIMPLES 5"" 130 X 40 X 2,65 ESP",90,2907,BRASIL,Comprado,ESTRUTURAL
SETOR 14,41832,12/02/2026,42524,24/02/2026,EDFER - COMERCIO DE FERRO E ACO LTDA,FERRO U 6 ENRIJECIDO 150X60 CH 2.65,156,6542.64,BRASIL,Comprado,ESTRUTURAL
SETOR 14,41832,12/02/2026,42524,24/02/2026,EDFER - COMERCIO DE FERRO E ACO LTDA,"PERFIL AC U SIMPLES 100 X 40 X 2,65 ESP",48,1169.76,BRASIL,Comprado,ESTRUTURAL
SETOR 2,41797,12/02/2026,042717    ,46085,RIOS & CORTES LTDA                                ,PEDRA BRITADA                                                                                       ,3,597,BRASIL,Comprado,CIVIL
SETOR 2,41797,12/02/2026,042717    ,46085,RIOS & CORTES LTDA                                ,"VERGALHAO CA 50 5/16""                                                                               ",40,1916,BRASIL,Comprado,CIVIL
SETOR 2,41797,12/02/2026,042717    ,46085,RIOS & CORTES LTDA                                ,AREIA                                                                                               ,1,150,BRASIL,Comprado,ESTRUTURAL
SETOR 2,41797,12/02/2026,042717    ,46085,RIOS & CORTES LTDA                                ,SACO DE CIMENTO CPIII                                                                               ,10,399,BRASIL,Comprado,CIVIL
SETOR 2,41797,12/02/2026,042717    ,46085,RIOS & CORTES LTDA                                ,BLOCO DE CIMENTO 10X20X40                                                                           ,100,390,BRASIL,Comprado,CIVIL
SETOR 14,41792,12/02/2026,42449,15/02/2026,RAFIL SUPRIMENTOS OFFSHORE LTDA,"PARAFUSO SEXTAVADO AUTOBROCANTE 12X4 ROSCA DUPLA 10,2CM",1000,2200,BRASIL,Comprado,ESTRUTURAL
SETOR 14,41792,12/02/2026,42450,15/02/2026,LAGOS TELHAS LTDA,TELHAS SANDUICHE H=100MM,168,20143.2,BRASIL,Comprado,ESTRUTURAL
SETOR 14,41792,12/02/2026,42449,15/02/2026,RAFIL SUPRIMENTOS OFFSHORE LTDA,FITA ANTICORROSIVA  100MM X 30M PRETA,5,1245,BRASIL,Comprado,OPERACIONAL
SETOR 2,41741,10/02/2026,42350,10/02/2026,COMERCIAL OFFSHORE MACAE PARAFUSOS E FERRAMENTAS,PARAFUSO  GALVANIZADO PARA TELHAS CABEÇA 8 MM X 20 MM,1000,340,BRASIL,Comprado,ESTRUTURAL
SETOR 2,41741,10/02/2026,42350,10/02/2026,COMERCIAL OFFSHORE MACAE PARAFUSOS E FERRAMENTAS,PARAFUSO  GALVANIZADO PARA TELHAS CABEÇA 8 MM X 20 MM,200,64,BRASIL,Comprado,ESTRUTURAL
SETOR 3,41705,09/02/2026,42397,12/02/2026,SOLDA BRASIL,CAVALETE DE TUBOS CABEÇA EM V REF. 781300,40,38920,BRASIL,Comprado,OPERACIONAL
SETOR 3,41642,04/02/2026,42276,05/02/2026,LAGOS TELHAS LTDA,TELHAS SANDUICHE H=100MM,102.4,12687.36,BRASIL,Comprado,ESTRUTURAL
SETOR 3,41532,28/01/2026,42113,28/01/2026,EDFER - COMERCIO DE FERRO E ACO LTDA,FERRO U 6 ENRIJECIDO 150X60 CH 2.65,78,3751.8,BRASIL,Comprado,ESTRUTURAL
SETOR 3,41273,12/01/2026,42141,29/01/2026,RAFIL SUPRIMENTOS OFFSHORE LTDA,"PARAFUSO SEXTAVADO AUTOBROCANTE 12X4 ROSCA DUPLA 10,2CM",1800,3960,BRASIL,Comprado,ESTRUTURAL
SETOR 15,29970,46111,43409,46112,FORT CONSTRUCOES COMERCIO E SERVICOS LTDA,AUMENTAR DIVISORIA NO ESTOQUE,1,1000,BRASIL,Comprado,ESTRUTURAL
SETOR 15,29970,46111,43409,46112,FORT CONSTRUCOES COMERCIO E SERVICOS LTDA,FABRICAÇÃO E INSTALAÇÃO DE 1 PRATELEIRA NO ESTOQUE,1,8250,BRASIL,Comprado,ESTRUTURAL
SETOR 3,29851,46085,42923,46093,RAFIL SUPRIMENTOS OFFSHORE LTDA,TELHAS TRANSLUCIDAS DE POLIPROPILENO TRAPÉZIO,42,6022.87,BRASIL,Comprado,ESTRUTURAL
SETOR 3,42084,46092,42926,46093,RAFIL SUPRIMENTOS OFFSHORE LTDA,LUMINÁRIA DE LED 400W HIGHBAY,50,9604,BRASIL,Em Orçamento,ESTRUTURAL
SETOR 15,29970,46111,43409,46093,FORT CONSTRUCOES COMERCIO E SERVICOS LTDA,CONFECCIONAR MAIS 6 DIVISORIAS E 1 PRATELEIRAS,2,9250,BRASIL,Comprado,ESTRUTURAL
SETOR 3,42183,46097,43086,46100,MADEIREIRA OLIGRAN DE MACAE LTDA                  ,"COMPENSADO NAVAL 2,20 COMP. X 1,60M LARG. X 20 MM                                                   ",30,8991,BRASIL,Comprado,ESTRUTURAL
SETOR 3,42183,46097,43087,46100,EDFER - COMERCIO DE FERRO E ACO LTDA              ,"BARRA CHATA 2"" X 1/4"" ESP. A36                                                                      ",72,1303.92,BRASIL,Comprado,ESTRUTURAL
SETOR 3,42183,46097,43087,46100,EDFER - COMERCIO DE FERRO E ACO LTDA              ,"CANTONEIRA ABAS IGUAIS 2"" X 2"" X 1/4"" ESP. A36                                                      ",402,13700.16,BRASIL,Comprado,ESTRUTURAL
SETOR 3,42137,46097,43000,46100,EDFER - COMERCIO DE FERRO E ACO LTDA              ,"METALON 60MM X 60MM X 3,2MM                                                                         ",192,15866.88,BRASIL,Comprado,ESTRUTURAL
SETOR 3,,,42708,46092,EDFER - COMERCIO DE FERRO E ACO LTDA              ,"PERFIL AC U SIMPLES 5"" 130 X 40 X 2,65 ESP                                                          ",60,1938,BRASIL,Comprado,ESTRUTURAL
SETOR 3,,,,,CONUTWAY,ELECTRICAL CABLES,1,257204.98,CHINA,Orçamento não Apravado,ELÉTRICA
SETOR 4,,,,,PARAGUASSU PROJETOS,AVALIAÇAO E CALCULO ESTRUTURAL PONTE,1,9000,BRASIL,Em Orçamento,ESTRUTURAL
SETOR 6,,,,,PARAGUASSU PROJETOS,AVALIAÇAO E CALCULO ESTRUTURAL MONORAIL,1,3600,BRASIL,Em Orçamento,ESTRUTURAL
SETOR 6,030065    ,,43604,46121,PARAGUASSU PROJETOS,AVALIAÇAO E CALCULO ESTRUTURAL GALPÃO DE PINTURA,1,3200,BRASIL,Comprado,ESTRUTURAL
SETOR 7A,,,,,PARAGUASSU PROJETOS,AVALIAÇAO E CALCULO ESTRUTURAL PISO DO GALPÃO,1,2000,BRASIL,Em Orçamento,ESTRUTURAL
SETOR 1,,,,,PARAGUASSU PROJETOS,AVALIAÇAO E CALCULO ESTRUTURAL GALPÃP DE ARMAZENAMENTO,1,2200,BRASIL,Em Orçamento,ESTRUTURAL
SETOR 6,,,,,SHANDONG KAITAI,MECHANICAL SAND RECOVERY SYSTEM - SISTEMA DE JATO - VER_0,1,66907.5,CHINA,Em Orçamento,OPERACIONAL
SETOR 6,,,43932,46139,SHANDONG KAITAI,MECHANICAL SAND RECOVERY SYSTEM - SISTEMA DE JATO - VER_1,1,124306.875,CHINA,Comprado,OPERACIONAL
SETOR 6,030225    ,46122,43629,46125,HENAN ZHONGGONG GROUP.,Trackless Transfer Cart DWP-2T - Plataforma eletrica,3,91426.5,CHINA,Comprado,OPERACIONAL
SETOR 6,,,,46125,HENAN ZHONGGONG GROUP.,Trackless Transfer Cart DWP-10T - Plataforma eletrica,1,56157.75,CHINA,Orçamento não Apravado,OPERACIONAL
SETOR 6,030310    ,46122,43652,46125,EDFER - COMERCIO DE FERRO E ACO LTDA              ,"CANTONEIRA ABAS IGUAIS 2"" X 2"" X 1/4"" ESP. A36                                                      ",108,3930.12,BRASIL,Comprado,ESTRUTURAL
SETOR 15,030310    ,46122,43652,46125,EDFER - COMERCIO DE FERRO E ACO LTDA              ,"BARRA CHATA 2"" X 1/4"" ESP. A36                                                                      ",36,695.88,BRASIL,Comprado,ESTRUTURAL
SETOR 15,030272    ,46122,43646,46125,EDFER - COMERCIO DE FERRO E ACO LTDA              ,"PERFIL AC U SIMPLES 100 X 40 X 2,65 ESP                                                             ",96,2476.8,BRASIL,Comprado,ESTRUTURAL
SETOR 7A,030272    ,46122,43646,46125,EDFER - COMERCIO DE FERRO E ACO LTDA              ,PERFIL AC UDC ENRIJECIDO 75 X 40 X 15 X 2MM ESP                                                     ,252,4838.4,BRASIL,Comprado,ESTRUTURAL
SETOR 7A,030272    ,46122,43646,46125,EDFER - COMERCIO DE FERRO E ACO LTDA              ,"PERFIL W150 X 22,50 KG/M ASTM A36 GR.B                                                              ",24,4806,BRASIL,Comprado,ESTRUTURAL
SETOR 7A,030272    ,46122,43646,46125,EDFER - COMERCIO DE FERRO E ACO LTDA              ,"PERFIL U - 92MM X 30MM X 2,25MM - A36                                                               ",120,2016,BRASIL,Comprado,ESTRUTURAL
SETOR 7A,030270    ,46122,43649,46125,EDFER - COMERCIO DE FERRO E ACO LTDA              ,"CANTONEIRA ABAS IGUAIS 2"" X 2"" X 1/4"" ESP. A36                                                      ",18,622.08,BRASIL,Comprado,ESTRUTURAL
SETOR 6,030270    ,46122,43649,46125,EDFER - COMERCIO DE FERRO E ACO LTDA              ,"CANTONEIRA ABAS IGUAIS 2 1/2"" X 2 1/2"" X 3/16"" ESP. A36                                             ",36,1188,BRASIL,Comprado,ESTRUTURAL
SETOR 6,030270    ,46122,43649,46125,EDFER - COMERCIO DE FERRO E ACO LTDA              ,"METALON 60MM X 60MM X 3,2MM                                                                         ",156,12891.84,BRASIL,Comprado,ESTRUTURAL
SETOR 6,030270    ,46122,43649,46125,EDFER - COMERCIO DE FERRO E ACO LTDA              ,METALON DW 40 X 40 (CHAPA 18)                                                                       ,42,604.8,BRASIL,Comprado,ESTRUTURAL
SETOR 6,030270    ,46122,43649,46125,EDFER - COMERCIO DE FERRO E ACO LTDA              ,"CHAPA DE AÇO LISA 2,65 MM X 1200 MM X 3000 MM                                                       ",1957.04,14286.39,BRASIL,Comprado,ESTRUTURAL
SETOR 6,030275    ,46123,43662,46126,FORT CONSTRUCOES COMERCIO E SERVICOS LTDA,CONSTRUÇÃO DE MAIS DOIS MÓDULOS CABINE DE JATO COM PORTÕES,1,20000,BRASIL,Comprado,ESTRUTURAL
SETOR 7A,030275    ,46123,43662,46126,FORT CONSTRUCOES COMERCIO E SERVICOS LTDA,FABRICAÇÃO E INSTALAÇÃO DE COBERTURA E PAINEL LATERAL,1,18000,BRASIL,Comprado,ESTRUTURAL
SETOR 3,,,43483,46114,DIMENSIONAL CENTELHA SOLUÇOES LTDA                ,CABO FLEXIVEL 1KV HEPR 1X100MM² E 150MM²,1000,81205,BRASIL,Comprado,ESTRUTURAL
SETOR 3,,,43483,46114,DIMENSIONAL CENTELHA SOLUÇOES LTDA                ,QUADRO BRUM 1000X600X200MM REF:BRCE-100.60.20F                                                      ,1,1189.93,BRASIL,Comprado,ESTRUTURAL
SETOR 7A,,,43769,46136,COMERCIAL OFFSHORE MACAE PARAFUSOS E FERRAMENTAS  ,PARAFUSO  GALVANIZADO PARA TELHAS CABEÇA 8 MM X 20 MM                                               ,1100,352,BRASIL,Comprado,ESTRUTURAL
SETOR 7A,,,43769,46136,COMERCIAL OFFSHORE MACAE PARAFUSOS E FERRAMENTAS  ,PARAFUSO DE COSTURA AUTOPERFURANTE P/ TELHADO E ACABAMENTOS PB1/4-14X7/8P1                          ,200,88,BRASIL,Comprado,ESTRUTURAL
SETOR 7A,,,43770,46143,LAGOS TELHAS LTDA                                 ,"TELHA TRAPEZOIDAL GALVANIZADA 6 X 1,10 X 0,43M                                                      ",16,4770.88,BRASIL,Comprado,ESTRUTURAL
SETOR 7A,,,43770,46143,LAGOS TELHAS LTDA                                 ,"TELHA TRAPEZOIDAL GALVANIZADA 6 X 1,10 X 0,43M                                                      ",38,9712.12,BRASIL,Comprado,ESTRUTURAL
SETOR 16,,,43782,46136,COMERCIAL OFFSHORE MACAE PARAFUSOS E FERRAMENTAS  ,PARABOLT M10                                                                                        ,250,1320,BRASIL,Comprado,ESTRUTURAL
SETOR 7A,,,43877,46139,ATACADAO 1000 MATERIAIS DE CONSTRUCAO LTDA ME     ,AREIA                                                                                               ,3,510,BRASIL,Comprado,CIVIL
SETOR 7A,,,43877,46139,ATACADAO 1000 MATERIAIS DE CONSTRUCAO LTDA ME     ,MALHA 3.4 Q.61 15 X 15 3 X 2                                                                        ,60,4794,BRASIL,Comprado,CIVIL
SETOR 7A,,,43877,46139,ATACADAO 1000 MATERIAIS DE CONSTRUCAO LTDA ME     ,LINHA PARA PEDREIRO TRANÇADA COM 50M                                                                ,3,27,BRASIL,Comprado,CIVIL
SETOR 7A,,,43877,46139,ATACADAO 1000 MATERIAIS DE CONSTRUCAO LTDA ME     ,LINHA DE NYLON PEDREIRO LARANJA 100MT                                                               ,2,24,BRASIL,Comprado,CIVIL
SETOR 7A,,,43877,46139,ATACADAO 1000 MATERIAIS DE CONSTRUCAO LTDA ME     ,SACO DE CIMENTO CPIII                                                                               ,14,602,BRASIL,Comprado,CIVIL
SETOR 7A,,,43877,46139,ATACADAO 1000 MATERIAIS DE CONSTRUCAO LTDA ME     ,LAPIS                                                                                               ,4,16,BRASIL,Comprado,CIVIL
SETOR 7A,,,43877,46139,ATACADAO 1000 MATERIAIS DE CONSTRUCAO LTDA ME     ,PEDRA BRITADA                                                                                       ,2,460,BRASIL,Comprado,CIVIL
SETOR 7A,,,43877,46139,ATACADAO 1000 MATERIAIS DE CONSTRUCAO LTDA ME     ,PREGO 17 X 27 C/ CABECA                                                                             ,3,59.7,BRASIL,Comprado,CIVIL
SETOR 7A,,,43923,46150,SUPERMIX CONCRETO S/A                             ,CONCRETO USINADO                                                                                    ,16,8960,BRASIL,Comprado,CIVIL
SETOR 7A,,,43924,46146,MADEIREIRA IRMAOS CAMPANATI EIRELI-ME             ,"TABUA DE PINUS 3,0 X 30CM X 2,5CM                                                                   ",60,852,BRASIL,Comprado,ESTRUTURAL
SETOR 7A,,,43925,46146,COMERCIAL TJ ELETRICA E HIDRAULICA                ,COLUNA DE FERRO 5/16 20X7                                                                           ,24,368.93,BRASIL,Comprado,ESTRUTURAL
SETOR 7A,,,43925,46146,COMERCIAL TJ ELETRICA E HIDRAULICA                ,CAIXA D'AGUA                                                                                        ,3,1260,BRASIL,Comprado,CIVIL
SETOR 7A,,,43925,46146,COMERCIAL TJ ELETRICA E HIDRAULICA                ,TRELIÇA TG8L                                                                                        ,102,719.82,BRASIL,Comprado,ESTRUTURAL
SETOR 3,,,42994,46097,DIMENSIONAL CENTELHA SOLUÇOES LTDA                ,"CABO FLEXIVEL PP 3X1,50MM                                                                           ",500,2735,BRASIL,Comprado,ESTRUTURAL
SETOR 1,,,44241,46150,FORT CONSTRUCOES COMERCIO E SERVICOS LTDA,"FABRICAÇÃO DE TESOURAS, SAPATAS E COBERTURA ",1,32250,BRASIL,Comprado,ESTRUTURAL
SETOR 1,,,44251,,G5 EQUIPAMENTOS E CONSTRUCAO LTDA                 ,DEMOLIDOR E BETONEIRA,1,1060,BRASIL,Comprado,CIVIL
SETOR 1,,,44345,46156,COMERCIAL TJ ELETRICA E HIDRAULICA                ,SACO DE CIMENTO CPIII                                                                               ,10,385,BRASIL,Comprado,ESTRUTURAL
SETOR 1,,,44384,46164,EDFER - COMERCIO DE FERRO E ACO LTDA              ,"PERFIL AC U SIMPLES 100 X 40 X 2,65 ESP                                                             ",108,3646.08,BRASIL,Comprado,ESTRUTURAL
SETOR 1,,,44383,46164,EDFER - COMERCIO DE FERRO E ACO LTDA              ,"CANTONEIRA ABAS IGUAIS 2"" X 2"" X 1/4"" ESP. A36                                                      ",24,852.48,BRASIL,Comprado,ESTRUTURAL
SETOR 1,,,44405,46162,LAGOS TELHAS LTDA                                 ,"TELHA TRAPEZOIDAL GALVANIZADA 6 X 1,10 X 0,43M                                                      ",264,11246.4,BRASIL,Comprado,ESTRUTURAL
SETOR 1,,,44418,46164,COMERCIAL OFFSHORE MACAE PARAFUSOS E FERRAMENTAS  ,PARAFUSO DE COSTURA AUTOPERFURANTE P/ TELHADO E ACABAMENTOS PB1/4-14X7/8P1                          ,200,64,BRASIL,Comprado,ESTRUTURAL
SETOR 1,,,44418,46164,COMERCIAL OFFSHORE MACAE PARAFUSOS E FERRAMENTAS  ,PARAFUSO  GALVANIZADO PARA TELHAS CABEÇA 8 MM X 20 MM                                               ,1000,340,BRASIL,Comprado,ESTRUTURAL
,,,,,,,,,,,
,,,,,,,,,,,
,,,,,,,,,,,
,,,,,,,,,,,
,,,,,,,,,,,
,,,,,,,,,,,
,,,,,,,,,,,
