row_key,excel_row,item_id,setor,cotacao,data_cotacao,pedido,data_pedido,fornecedor,produto,quantidade,valor,origem,status_compra,disciplina,observacao,source,metadata
xlsx-25-05-26-r0006,6,,SETOR - AREA NOVA - GLOBAL RISER,27074,2025-07-23,38431,2025-07-23,G5 EQUIPAMENTOS E CONSTRUCAO LTDA,PERFURADOR DE SOLO À GASOLINA 52CC 1500W 2HP COM BROCA HELICOIDAL 20X80CM,1.0,310.0,BRASIL,Comprado,CIVIL,,Melhorias base STEP 25-05-26.xlsx,"{""source_sheet"": ""Custos x Execução"", ""source_row"": 6, ""original_status"": ""Comprado""}"
xlsx-25-05-26-r0007,7,,SETOR - AREA NOVA - GLOBAL RISER,27088,2025-07-23,38545,2025-07-28,PEDREIRA IMBOASSICA LTDA,BRITA CORRIDA,720.0,43200.0,BRASIL,Comprado,CIVIL,,Melhorias base STEP 25-05-26.xlsx,"{""source_sheet"": ""Custos x Execução"", ""source_row"": 7, ""original_status"": ""Comprado""}"
xlsx-25-05-26-r0008,8,,SETOR - AREA NOVA - GLOBAL RISER,27087,2025-07-23,38546,2025-07-28,MAMUTE LOCACOES COMERCIO E SERVICOS LTDA,SERVIÇO DE TERRAPLANAGEM,1.0,108000.0,BRASIL,Comprado,CIVIL,,Melhorias base STEP 25-05-26.xlsx,"{""source_sheet"": ""Custos x Execução"", ""source_row"": 8, ""original_status"": ""Comprado""}"
xlsx-25-05-26-r0009,9,,SETOR - AREA NOVA - GLOBAL RISER,27225,2025-07-31,38671,2025-08-04,COMERCIAL TJ ELETRICA E HIDRAULICA,"POSTES DE CONCRETO CURVO PARA SUSTENTAÇÃO DO ALAMBRADO 3,00 METROS ALTURA",32.0,3872.0,BRASIL,Comprado,CIVIL,,Melhorias base STEP 25-05-26.xlsx,"{""source_sheet"": ""Custos x Execução"", ""source_row"": 9, ""original_status"": ""Comprado""}"
xlsx-25-05-26-r0010,10,,SETOR - AREA NOVA - GLOBAL RISER,27225,2025-07-31,38671,2025-08-04,COMERCIAL TJ ELETRICA E HIDRAULICA,ARAME FARPADO P/ CERCA,250.0,175.0,BRASIL,Comprado,CIVIL,,Melhorias base STEP 25-05-26.xlsx,"{""source_sheet"": ""Custos x Execução"", ""source_row"": 10, ""original_status"": ""Comprado""}"
xlsx-25-05-26-r0011,11,01,SETOR 1,28002,2025-10-06,40623,2025-11-13,COMERCIAL TJ ELETRICA E HIDRAULICA,"ALAMBRADO NO MODELO-ARAME GALVANIZADO REVESTIDO DE PVC ALTO ADERENTE FIO 14 MALHA 7,5CM C/ALTUR.2M",60.0,2640.0,BRASIL,Comprado,CIVIL,,Melhorias base STEP 25-05-26.xlsx,"{""source_sheet"": ""Custos x Execução"", ""source_row"": 11, ""original_status"": ""Comprado""}"
xlsx-25-05-26-r0012,12,01,SETOR 1,28002,2025-10-06,40624,2025-11-13,CENTRAL DE AÇO MACAE LTDA,"METALON 30MM X 50MM X 2,5MM",180.0,6296.99,BRASIL,Comprado,CIVIL,,Melhorias base STEP 25-05-26.xlsx,"{""source_sheet"": ""Custos x Execução"", ""source_row"": 12, ""original_status"": ""Comprado""}"
xlsx-25-05-26-r0013,13,01,SETOR 1,29942,2025-12-10,41295,2025-12-16,MADEIREIRA IRMAOS CAMPANATI EIRELI-ME,PINUS 3 X 3 - 3MTS,15.0,225.0,BRASIL,Comprado,CIVIL,,Melhorias base STEP 25-05-26.xlsx,"{""source_sheet"": ""Custos x Execução"", ""source_row"": 13, ""original_status"": ""Comprado""}"
xlsx-25-05-26-r0014,14,01,SETOR 1,29942,2025-12-10,41295,2025-12-16,MADEIREIRA IRMAOS CAMPANATI EIRELI-ME,PINUS 3 X 3 - 3MTS,15.0,561.0,BRASIL,Comprado,CIVIL,,Melhorias base STEP 25-05-26.xlsx,"{""source_sheet"": ""Custos x Execução"", ""source_row"": 14, ""original_status"": ""Comprado""}"
xlsx-25-05-26-r0015,15,03,SETOR 3,,,41254,2025-12-15,EDFER - COMERCIO DE FERRO E ACO LTDA,FERRO U 4 SIMPLES 100X40 CH 3,180.0,4354.2,BRASIL,Comprado,ESTRUTURAL,,Melhorias base STEP 25-05-26.xlsx,"{""source_sheet"": ""Custos x Execução"", ""source_row"": 15, ""original_status"": ""Comprado""}"
xlsx-25-05-26-r0016,16,03,SETOR 3,,,41254,2025-12-15,EDFER - COMERCIO DE FERRO E ACO LTDA,"PERFIL U 5"" SIMPLES CH 4,75",90.0,7219.8,BRASIL,Comprado,ESTRUTURAL,,Melhorias base STEP 25-05-26.xlsx,"{""source_sheet"": ""Custos x Execução"", ""source_row"": 16, ""original_status"": ""Comprado""}"
xlsx-25-05-26-r0017,17,01,SETOR 1,29942,2025-12-10,41296,2025-12-16,EDFER - COMERCIO DE FERRO E ACO LTDA,"PERFIL W150 X 22,50 KG/M ASTM A572 GR.50",60.0,11880.0,BRASIL,Comprado,ESTRUTURAL,,Melhorias base STEP 25-05-26.xlsx,"{""source_sheet"": ""Custos x Execução"", ""source_row"": 17, ""original_status"": ""Comprado""}"
xlsx-25-05-26-r0018,18,01,SETOR 1,29942,2025-12-10,41296,2025-12-16,EDFER - COMERCIO DE FERRO E ACO LTDA,FERRO U 4 SIMPLES 100X40 CH 3,300.0,7257.0,BRASIL,Comprado,ESTRUTURAL,,Melhorias base STEP 25-05-26.xlsx,"{""source_sheet"": ""Custos x Execução"", ""source_row"": 18, ""original_status"": ""Comprado""}"
xlsx-25-05-26-r0019,19,01,SETOR 1,29942,2025-12-10,41297,2025-12-16,LAGOS TELHAS LTDA,"TELHA TRAPEZOIDAL GALVANIZADA 6 X 1,10 X 0,43M",50.0,14185.0,BRASIL,Comprado,ESTRUTURAL,,Melhorias base STEP 25-05-26.xlsx,"{""source_sheet"": ""Custos x Execução"", ""source_row"": 19, ""original_status"": ""Comprado""}"
xlsx-25-05-26-r0020,20,01,SETOR 1,40680,2025-12-10,42720,,,ESTICADOR OLHAL GANCHO M6,20.0,0.0,BRASIL,Em Processo de Compra,CIVIL,,Melhorias base STEP 25-05-26.xlsx,"{""source_sheet"": ""Custos x Execução"", ""source_row"": 20, ""original_status"": ""Em Processo de Compra""}"
xlsx-25-05-26-r0021,21,01,SETOR 1,40680,2025-12-10,42720,2026-03-04,,AREIA,4.0,600.0,BRASIL,Comprado,CIVIL,,Melhorias base STEP 25-05-26.xlsx,"{""source_sheet"": ""Custos x Execução"", ""source_row"": 21, ""original_status"": ""Comprado""}"
xlsx-25-05-26-r0022,22,01,SETOR 1,40680,2025-12-10,,,,PINUS 3 X 3 - 3MTS,15.0,0.0,BRASIL,Cancelado,CIVIL,,Melhorias base STEP 25-05-26.xlsx,"{""source_sheet"": ""Custos x Execução"", ""source_row"": 22, ""original_status"": ""Cancelado""}"
xlsx-25-05-26-r0023,23,01,SETOR 1,40680,2025-12-10,42720,2026-03-04,,PEDRA BRITADA,3.0,630.0,BRASIL,Comprado,CIVIL,,Melhorias base STEP 25-05-26.xlsx,"{""source_sheet"": ""Custos x Execução"", ""source_row"": 23, ""original_status"": ""Comprado""}"
xlsx-25-05-26-r0024,24,01,SETOR 1,40680,2025-12-10,42720,2026-03-04,,"VERGALHAO CA 50 5/16""",120.0,479.0,BRASIL,Comprado,CIVIL,,Melhorias base STEP 25-05-26.xlsx,"{""source_sheet"": ""Custos x Execução"", ""source_row"": 24, ""original_status"": ""Comprado""}"
xlsx-25-05-26-r0025,25,01,SETOR 1,40680,2025-12-10,42720,2026-03-04,,COLUNA DE FERRO 5/16 20X7,72.0,1188.0,BRASIL,Comprado,CIVIL,,Melhorias base STEP 25-05-26.xlsx,"{""source_sheet"": ""Custos x Execução"", ""source_row"": 25, ""original_status"": ""Comprado""}"
xlsx-25-05-26-r0026,26,01,SETOR 1,40680,2025-12-10,42720,2026-03-04,,PREGO 17 X 21 COM CABECA,2.0,44.0,BRASIL,Comprado,CIVIL,,Melhorias base STEP 25-05-26.xlsx,"{""source_sheet"": ""Custos x Execução"", ""source_row"": 26, ""original_status"": ""Comprado""}"
xlsx-25-05-26-r0027,27,01,SETOR 1,40680,2025-12-10,,,,PARAFUSO GALVANIZADO PARA TELHA CABEÇA 10MM X 30MM,500.0,0.0,BRASIL,Cancelado,ESTRUTURAL,,Melhorias base STEP 25-05-26.xlsx,"{""source_sheet"": ""Custos x Execução"", ""source_row"": 27, ""original_status"": ""Cancelado""}"
xlsx-25-05-26-r0028,28,01,SETOR 1,40680,2025-12-10,,,,"CABO DE ACO GALVANIZADO 3/8"" 6 X 19S",80.0,0.0,BRASIL,Cancelado,ESTRUTURAL,,Melhorias base STEP 25-05-26.xlsx,"{""source_sheet"": ""Custos x Execução"", ""source_row"": 28, ""original_status"": ""Cancelado""}"
xlsx-25-05-26-r0029,29,01,SETOR 1,40680,2025-12-10,42720,2026-03-04,,SACO DE CIMENTO CPIII,30.0,1197.0,BRASIL,Comprado,CIVIL,,Melhorias base STEP 25-05-26.xlsx,"{""source_sheet"": ""Custos x Execução"", ""source_row"": 29, ""original_status"": ""Comprado""}"
xlsx-25-05-26-r0030,30,15,SETOR 15,,2026-01-22,,,FORT CONSTRUCOES COMERCIO E SERVICOS LTDA,FABRICAR E INSTALAR 3 PORTÕES - ESTOQUE,1.0,12000.0,BRASIL,Em Orçamento,ESTRUTURAL,,Melhorias base STEP 25-05-26.xlsx,"{""source_sheet"": ""Custos x Execução"", ""source_row"": 30, ""original_status"": ""Em Orçamento""}"
xlsx-25-05-26-r0031,31,01,SETOR 1,,,,,PROJECARD,DETALHAMENTOS ESTRUTURAL + PROJETO (REPLICAÇÃO DE GALPÃO PARA ARMAZENAMENTO),1.0,7960.0,BRASIL,Em Orçamento,PROJETO,,Melhorias base STEP 25-05-26.xlsx,"{""source_sheet"": ""Custos x Execução"", ""source_row"": 31, ""original_status"": ""Em Orçamento""}"
xlsx-25-05-26-r0032,32,01A,SETOR 1A - ABASTECIMENTO,23189,2025-04-09,37071,2025-04-17,MARIO TELHAS COMERCIO DE MATERIAIS DE CONSTRUÇÃO,LONA PLASTICA PRETA,30.0,90.6,BRASIL,Comprado,CIVIL,,Melhorias base STEP 25-05-26.xlsx,"{""source_sheet"": ""Custos x Execução"", ""source_row"": 32, ""original_status"": ""Comprado""}"
xlsx-25-05-26-r0033,33,01A,SETOR 1A - ABASTECIMENTO,23189,2025-04-09,37071,2025-04-17,MARIO TELHAS COMERCIO DE MATERIAIS DE CONSTRUÇÃO,"TELHA TRAPEZOIDAL GALVANIZADA 6 X 1,10 X 0,43M",10.0,2871.0,BRASIL,Comprado,ESTRUTURAL,,Melhorias base STEP 25-05-26.xlsx,"{""source_sheet"": ""Custos x Execução"", ""source_row"": 33, ""original_status"": ""Comprado""}"
xlsx-25-05-26-r0034,34,01A,SETOR 1A - ABASTECIMENTO,23189,2025-04-09,37071,2025-04-17,MARIO TELHAS COMERCIO DE MATERIAIS DE CONSTRUÇÃO,IMPERMEABILIZANTE VIAPLUS 7000 FIBRAS,54.0,776.4,BRASIL,Comprado,CIVIL,,Melhorias base STEP 25-05-26.xlsx,"{""source_sheet"": ""Custos x Execução"", ""source_row"": 34, ""original_status"": ""Comprado""}"
xlsx-25-05-26-r0035,35,01A,SETOR 1A - ABASTECIMENTO,23189,2025-04-09,37072,2025-04-17,JC TOLEDO MATERIAIS DE CONSTRUCAO LTDA,SACO DE CIMENTO,8.0,263.2,BRASIL,Comprado,CIVIL,,Melhorias base STEP 25-05-26.xlsx,"{""source_sheet"": ""Custos x Execução"", ""source_row"": 35, ""original_status"": ""Comprado""}"
xlsx-25-05-26-r0036,36,01A,SETOR 1A - ABASTECIMENTO,23189,2025-04-09,37072,2025-04-17,JC TOLEDO MATERIAIS DE CONSTRUCAO LTDA,MALHA 4.2 Q.92 15 X 15 3 X 2,4.0,232.44,BRASIL,Comprado,CIVIL,,Melhorias base STEP 25-05-26.xlsx,"{""source_sheet"": ""Custos x Execução"", ""source_row"": 36, ""original_status"": ""Comprado""}"
xlsx-25-05-26-r0037,37,01A,SETOR 1A - ABASTECIMENTO,23189,2025-04-09,37072,2025-04-17,JC TOLEDO MATERIAIS DE CONSTRUCAO LTDA,AREIA,2.0,198.0,BRASIL,Comprado,CIVIL,,Melhorias base STEP 25-05-26.xlsx,"{""source_sheet"": ""Custos x Execução"", ""source_row"": 37, ""original_status"": ""Comprado""}"
xlsx-25-05-26-r0038,38,01A,SETOR 1A - ABASTECIMENTO,23189,2025-04-09,37072,2025-04-17,JC TOLEDO MATERIAIS DE CONSTRUCAO LTDA,BLOCO DE CIMENTO 10X20X40,100.0,310.0,BRASIL,Comprado,CIVIL,,Melhorias base STEP 25-05-26.xlsx,"{""source_sheet"": ""Custos x Execução"", ""source_row"": 38, ""original_status"": ""Comprado""}"
xlsx-25-05-26-r0039,39,01A,SETOR 1A - ABASTECIMENTO,25155,2025-04-09,37211,2025-05-05,COMERCIAL OFFSHORE MACAE PARAFUSOS E FERRAMENTAS,PARAFUSO AUTO BROCANTE N 12 X 3/4 Nº3,100.0,40.0,BRASIL,Comprado,ESTRUTURAL,,Melhorias base STEP 25-05-26.xlsx,"{""source_sheet"": ""Custos x Execução"", ""source_row"": 39, ""original_status"": ""Comprado""}"
xlsx-25-05-26-r0040,40,13,SETOR 13,,2026-01-22,,,FORT CONSTRUCOES COMERCIO E SERVICOS LTDA,FABRICAR UM MEZANINO - ALMOXARIFADO,1.0,27500.0,BRASIL,Em Orçamento,ESTRUTURAL,,Melhorias base STEP 25-05-26.xlsx,"{""source_sheet"": ""Custos x Execução"", ""source_row"": 40, ""original_status"": ""Em Orçamento""}"
xlsx-25-05-26-r0041,41,14,SETOR 14,41869,2026-02-12,42517,2026-02-24,FORT CONSTRUCOES COMERCIO E SERVICOS LTDA,"PLANO DE MELHORIA DO SETOR 14, TELHADO DA LAJE DA SALA DE CONTROLE.",1.0,25000.0,BRASIL,Comprado,ESTRUTURAL,,Melhorias base STEP 25-05-26.xlsx,"{""source_sheet"": ""Custos x Execução"", ""source_row"": 41, ""original_status"": ""Comprado""}"
xlsx-25-05-26-r0042,42,01A,SETOR 1A,27625,2025-09-02,39207,2025-09-03,EDFER - COMERCIO DE FERRO E ACO LTDA,"PERFIL AC U SIMPLES 100 X 40 X 2,65 ESP",120.0,2902.8,BRASIL,Comprado,ESTRUTURAL,,Melhorias base STEP 25-05-26.xlsx,"{""source_sheet"": ""Custos x Execução"", ""source_row"": 42, ""original_status"": ""Comprado""}"
xlsx-25-05-26-r0043,43,01A,SETOR 1A,27625,2025-09-02,39208,2025-09-03,LAGOS TELHAS LTDA,"TELHA TRAPEZOIDAL GALVANIZADA 6 X 1,10 X 0,43M",45.0,9045.0,BRASIL,Comprado,CIVIL,,Melhorias base STEP 25-05-26.xlsx,"{""source_sheet"": ""Custos x Execução"", ""source_row"": 43, ""original_status"": ""Comprado""}"
xlsx-25-05-26-r0044,44,01A,SETOR 1A,41292,2026-01-12,42236,2026-02-04,ATACADAO 1000 MATERIAIS DE CONSTRUCAO LTDA ME,PEDRA BRITADA,1.0,210.0,BRASIL,Comprado,CIVIL,,Melhorias base STEP 25-05-26.xlsx,"{""source_sheet"": ""Custos x Execução"", ""source_row"": 44, ""original_status"": ""Comprado""}"
xlsx-25-05-26-r0045,45,01A,SETOR 1A,41292,2026-01-12,42236,2026-02-04,ATACADAO 1000 MATERIAIS DE CONSTRUCAO LTDA ME,BLOCO DE CIMENTO 10X20X40,60.0,228.0,BRASIL,Comprado,CIVIL,,Melhorias base STEP 25-05-26.xlsx,"{""source_sheet"": ""Custos x Execução"", ""source_row"": 45, ""original_status"": ""Comprado""}"
xlsx-25-05-26-r0046,46,01A,SETOR 1A,41292,2026-01-12,42236,2026-02-04,ATACADAO 1000 MATERIAIS DE CONSTRUCAO LTDA ME,RADIES 5/16 70X70,6.0,239.4,BRASIL,Comprado,CIVIL,,Melhorias base STEP 25-05-26.xlsx,"{""source_sheet"": ""Custos x Execução"", ""source_row"": 46, ""original_status"": ""Comprado""}"
xlsx-25-05-26-r0047,47,01A,SETOR 1A,41292,2026-01-12,42236,2026-02-04,ATACADAO 1000 MATERIAIS DE CONSTRUCAO LTDA ME,COLUNA DE FERRO 5/16 20X7,12.0,1380.0,BRASIL,Comprado,CIVIL,,Melhorias base STEP 25-05-26.xlsx,"{""source_sheet"": ""Custos x Execução"", ""source_row"": 47, ""original_status"": ""Comprado""}"
xlsx-25-05-26-r0048,48,01A,SETOR 1A,41292,2026-01-12,42236,2026-02-04,ATACADAO 1000 MATERIAIS DE CONSTRUCAO LTDA ME,AREIA,2.0,300.0,BRASIL,Comprado,CIVIL,,Melhorias base STEP 25-05-26.xlsx,"{""source_sheet"": ""Custos x Execução"", ""source_row"": 48, ""original_status"": ""Comprado""}"
xlsx-25-05-26-r0049,49,01A,SETOR 1A,41292,2026-01-12,42236,2026-02-04,ATACADAO 1000 MATERIAIS DE CONSTRUCAO LTDA ME,SACO DE CIMENTO CPIII,10.0,399.0,BRASIL,Comprado,CIVIL,,Melhorias base STEP 25-05-26.xlsx,"{""source_sheet"": ""Custos x Execução"", ""source_row"": 49, ""original_status"": ""Comprado""}"
xlsx-25-05-26-r0050,50,01A,SETOR 1A,41292,2026-01-12,42237,2026-02-04,ATACADAO 1000 MATERIAIS DE CONSTRUCAO LTDA ME,SIKA TOP 100 CX. 18KG,2.0,150.0,BRASIL,Comprado,CIVIL,,Melhorias base STEP 25-05-26.xlsx,"{""source_sheet"": ""Custos x Execução"", ""source_row"": 50, ""original_status"": ""Comprado""}"
xlsx-25-05-26-r0051,51,01A,SETOR 1A,41643,2026-01-12,,,,BETONEIRA 400L PRIME C/MOTOR MONO 2CV 220V 60HZ 4P C/KIT SEGURANCA BIVOLT,1.0,0.0,BRASIL,Cancelado,CIVIL,,Melhorias base STEP 25-05-26.xlsx,"{""source_sheet"": ""Custos x Execução"", ""source_row"": 51, ""original_status"": ""Cancelado""}"
xlsx-25-05-26-r0052,52,02,SETOR 2,29817,2025-12-04,41097,2025-12-04,GON PETRO COMERCIAL LTDA,"PERFIL U ENRIJECIDO 3"" X 1.1/2"" X 3MM",150.0,8970.0,BRASIL,Comprado,ESTRUTURAL,,Melhorias base STEP 25-05-26.xlsx,"{""source_sheet"": ""Custos x Execução"", ""source_row"": 52, ""original_status"": ""Comprado""}"
xlsx-25-05-26-r0053,53,02,SETOR 2,29817,2025-12-04,41098,2025-12-04,COMERCIAL OFFSHORE MACAE PARAFUSOS E FERRAMENTAS,PARAFUSO GALVANIZADO PARA TELHA CABEÇA 10MM X 30MM,500.0,300.0,BRASIL,Comprado,ESTRUTURAL,,Melhorias base STEP 25-05-26.xlsx,"{""source_sheet"": ""Custos x Execução"", ""source_row"": 53, ""original_status"": ""Comprado""}"
xlsx-25-05-26-r0054,54,02,SETOR 2,29817,2025-12-04,41099,2025-12-04,LAGOS TELHAS LTDA,"TELHA TRAPEZOIDAL GALVANIZADA 6 X 1,10 X 0,43M",50.0,10050.0,BRASIL,Cancelado,ESTRUTURAL,,Melhorias base STEP 25-05-26.xlsx,"{""source_sheet"": ""Custos x Execução"", ""source_row"": 54, ""original_status"": ""Cancelado""}"
xlsx-25-05-26-r0055,55,02,SETOR 2,41641,2026-02-04,42278,2026-02-06,FORT CONSTRUCOES COMERCIO E SERVICOS LTDA,SERVIÇOS DIVERSIFICADOS NÃO LIGADOS A PRODUÇÃO - ESTRUTURA DE PAREDE DA AREA 2,1.0,11000.0,BRASIL,Comprado,ESTRUTURAL,,Melhorias base STEP 25-05-26.xlsx,"{""source_sheet"": ""Custos x Execução"", ""source_row"": 55, ""original_status"": ""Comprado""}"
xlsx-25-05-26-r0056,56,03,SETOR 3,25427,2025-06-04,37762,2025-06-11,CONSTRUTORA SORDI LTDA,SERVIÇOS DIVERSIFICADOS NÃO LIGADOS A PRODUÇÃO,1.0,37600.0,BRASIL,Comprado,ESTRUTURAL,,Melhorias base STEP 25-05-26.xlsx,"{""source_sheet"": ""Custos x Execução"", ""source_row"": 56, ""original_status"": ""Comprado""}"
xlsx-25-05-26-r0057,57,03,SETOR 3,27860,2025-09-29,40626,2025-11-13,LAGOS TELHAS LTDA,TELHAS SANDUICHE H=100MM,400.0,67029.9,BRASIL,Comprado,ESTRUTURAL,,Melhorias base STEP 25-05-26.xlsx,"{""source_sheet"": ""Custos x Execução"", ""source_row"": 57, ""original_status"": ""Comprado""}"
xlsx-25-05-26-r0058,58,03,SETOR 3,29786,2025-12-01,41010,2025-12-02,FORT CONSTRUCOES COMERCIO E SERVICOS LTDA,SERVIÇOS DIVERSIFICADOS NÃO LIGADOS A PRODUÇÃO,1.0,18900.0,BRASIL,Comprado,ESTRUTURAL,,Melhorias base STEP 25-05-26.xlsx,"{""source_sheet"": ""Custos x Execução"", ""source_row"": 58, ""original_status"": ""Comprado""}"
xlsx-25-05-26-r0059,59,03,SETOR 3,41253,2026-01-09,41857,2026-01-13,FORT CONSTRUCOES COMERCIO E SERVICOS LTDA,SERVIÇOS DIVERSIFICADOS NÃO LIGADOS A PRODUÇÃO,1.0,42000.0,BRASIL,Comprado,ESTRUTURAL,,Melhorias base STEP 25-05-26.xlsx,"{""source_sheet"": ""Custos x Execução"", ""source_row"": 59, ""original_status"": ""Comprado""}"
xlsx-25-05-26-r0060,60,03,SETOR 3,41269,2026-01-11,42101,2026-01-28,RAFIL SUPRIMENTOS OFFSHORE LTDA,FITA ANTICORROSIVA 100MM X 30M PRETA,8.0,1992.0,BRASIL,Comprado,ESTRUTURAL,,Melhorias base STEP 25-05-26.xlsx,"{""source_sheet"": ""Custos x Execução"", ""source_row"": 60, ""original_status"": ""Comprado""}"
xlsx-25-05-26-r0061,61,03,SETOR 3,41273,2026-01-12,42141,2026-01-29,RAFIL SUPRIMENTOS OFFSHORE LTDA,"PARAFUSO SEXTAVADO AUTOBROCANTE 12X4 ROSCA DUPLA 10,2CM",1800.0,3960.0,BRASIL,Comprado,ESTRUTURAL,,Melhorias base STEP 25-05-26.xlsx,"{""source_sheet"": ""Custos x Execução"", ""source_row"": 61, ""original_status"": ""Comprado""}"
xlsx-25-05-26-r0062,62,03,SETOR 3,41574,2026-01-30,42324,2026-02-09,LAGOS TELHAS LTDA,TELHAS SANDUICHE H=100MM,150.0,35125.65,BRASIL,Comprado,ESTRUTURAL,,Melhorias base STEP 25-05-26.xlsx,"{""source_sheet"": ""Custos x Execução"", ""source_row"": 62, ""original_status"": ""Comprado""}"
xlsx-25-05-26-r0063,63,03,SETOR 3,,,,,PROJECARD,PROJETO E CÁLCULO DE PÓRTICO SOBRE TRILHO,1.0,6260.0,BRASIL,Cancelado,PROJETO,,Melhorias base STEP 25-05-26.xlsx,"{""source_sheet"": ""Custos x Execução"", ""source_row"": 63, ""original_status"": ""Cancelado""}"
xlsx-25-05-26-r0064,64,03,SETOR 3,,,,,BARBARA COSNTRUÇÃO,FABRICAÇÃO DA ESTRUTURA - TESOURAS + MONTAGEM (FORN BARBARA CONSTRU),1.0,145000.0,BRASIL,Cancelado,ESTRUTURAL,,Melhorias base STEP 25-05-26.xlsx,"{""source_sheet"": ""Custos x Execução"", ""source_row"": 64, ""original_status"": ""Cancelado""}"
xlsx-25-05-26-r0065,65,03,SETOR 3,,,,,VOCAN,FABRICAÇÃO DA ESTRUTURA - TESOURAS + MONTAGEM (FORN VOLCAN),1.0,189750.0,BRASIL,Cancelado,ESTRUTURAL,,Melhorias base STEP 25-05-26.xlsx,"{""source_sheet"": ""Custos x Execução"", ""source_row"": 65, ""original_status"": ""Cancelado""}"
xlsx-25-05-26-r0066,66,03,SETOR 3,,,,,DIAMETTRO,FABRICAÇÃO DE 7 TESOURAS - (FORN DIAMETRO),1.0,72500.0,BRASIL,Cancelado,ESTRUTURAL,,Melhorias base STEP 25-05-26.xlsx,"{""source_sheet"": ""Custos x Execução"", ""source_row"": 66, ""original_status"": ""Cancelado""}"
xlsx-25-05-26-r0067,67,03,SETOR 3 - PETROHAB,25094,2025-04-25,37217,2025-05-05,SERFER COM E IND FERRO E AÇO LTDA,"CHAPA DE XADREZ 1/4"" A36",3160.0,8315.86,BRASIL,Comprado,ESTRUTURAL,,Melhorias base STEP 25-05-26.xlsx,"{""source_sheet"": ""Custos x Execução"", ""source_row"": 67, ""original_status"": ""Comprado""}"
xlsx-25-05-26-r0068,68,03,SETOR 3 - PETROHAB,25513,2025-06-11,37969,2025-06-24,CEDISA CENTRAL DE ACO S/A - FABRICACAO,"CHAPA DE XADREZ 1/4"" A36",890.0,5750.02,BRASIL,Comprado,ESTRUTURAL,,Melhorias base STEP 25-05-26.xlsx,"{""source_sheet"": ""Custos x Execução"", ""source_row"": 68, ""original_status"": ""Comprado""}"
xlsx-25-05-26-r0069,69,04,SETOR 4,24509,2025-02-18,36110,2025-02-24,JCM NITEROI REFRIGERAÇÃO LTDA,BEBEDOURO INDUSTRIAL 200 LITROS ACO INOX,1.0,3628.65,BRASIL,Comprado,OPERACIONAL,,Melhorias base STEP 25-05-26.xlsx,"{""source_sheet"": ""Custos x Execução"", ""source_row"": 69, ""original_status"": ""Comprado""}"
xlsx-25-05-26-r0070,70,04,SETOR 4,,2025-12-01,,,ONEN,EMPILHADEIRA – FORKLIFT-CPDD-V3530L,1.0,98968.97,CHINA,Orçamento não Aprovado,OPERACIONAL,,Melhorias base STEP 25-05-26.xlsx,"{""source_sheet"": ""Custos x Execução"", ""source_row"": 70, ""original_status"": ""Orçamento não Apravado""}"
xlsx-25-05-26-r0071,71,04,SETOR 4,,2025-12-01,,,FEIDA,MÁQUINA DE SOLDA TIG – TIG-250,1.0,914.38,CHINA,Orçamento não Aprovado,OPERACIONAL,,Melhorias base STEP 25-05-26.xlsx,"{""source_sheet"": ""Custos x Execução"", ""source_row"": 71, ""original_status"": ""Orçamento não Apravado""}"
xlsx-25-05-26-r0072,72,04,SETOR 4,,2025-12-01,,,FEIDA,MÁQUINA DE SOLDA MIG – MIG-300,1.0,2916.38,CHINA,Orçamento não Aprovado,OPERACIONAL,,Melhorias base STEP 25-05-26.xlsx,"{""source_sheet"": ""Custos x Execução"", ""source_row"": 72, ""original_status"": ""Orçamento não Apravado""}"
xlsx-25-05-26-r0073,73,04,SETOR 4,,2025-12-01,,,KAITAI,MÁQUINA DE SOLDA TIG AC/DC – TIG-250AC/DC,1.0,2184.39,CHINA,Orçamento não Aprovado,OPERACIONAL,,Melhorias base STEP 25-05-26.xlsx,"{""source_sheet"": ""Custos x Execução"", ""source_row"": 73, ""original_status"": ""Orçamento não Apravado""}"
xlsx-25-05-26-r0074,74,04,SETOR 4,,2025-12-01,,,KAITAI,MÁQUINA DE SOLDA MIG – MIG 350H,1.0,3413.12,CHINA,Orçamento não Aprovado,OPERACIONAL,,Melhorias base STEP 25-05-26.xlsx,"{""source_sheet"": ""Custos x Execução"", ""source_row"": 74, ""original_status"": ""Orçamento não Apravado""}"
xlsx-25-05-26-r0075,75,04,SETOR 4,,2025-12-01,,,ANHUI HUAXIA,GUILHOTINA HIDRÁULICA – QC11K-16X2500,1.0,152907.76,CHINA,Orçamento não Aprovado,OPERACIONAL,,Melhorias base STEP 25-05-26.xlsx,"{""source_sheet"": ""Custos x Execução"", ""source_row"": 75, ""original_status"": ""Orçamento não Apravado""}"
xlsx-25-05-26-r0076,76,04,SETOR 4,,2025-12-01,,,CNC RADIAL DRILLING,FURADEIRA RADIAL – Z3040*10,1.0,27304.97,CHINA,Orçamento não Aprovado,OPERACIONAL,,Melhorias base STEP 25-05-26.xlsx,"{""source_sheet"": ""Custos x Execução"", ""source_row"": 76, ""original_status"": ""Orçamento não Apravado""}"
xlsx-25-05-26-r0077,77,04,SETOR 4,,2025-12-01,,,JIANGSU BOHUI MACHINERY,SUPORTE DE TUBO COM RODAS – PIPE JACK STAND WITH WHEELS-BRACKET/11 07,1.0,698.29,CHINA,Orçamento não Aprovado,OPERACIONAL,,Melhorias base STEP 25-05-26.xlsx,"{""source_sheet"": ""Custos x Execução"", ""source_row"": 77, ""original_status"": ""Orçamento não Apravado""}"
xlsx-25-05-26-r0078,78,04,SETOR 4,,2025-12-01,,,JIANGSU BOHUI MACHINERY,SUPORTE DE TUBO – PIPE SUPPORT STAND-BRACKET/11 07R,1.0,262.09,CHINA,Orçamento não Aprovado,OPERACIONAL,,Melhorias base STEP 25-05-26.xlsx,"{""source_sheet"": ""Custos x Execução"", ""source_row"": 78, ""original_status"": ""Orçamento não Apravado""}"
xlsx-25-05-26-r0079,79,04,SETOR 4,,2025-12-01,,,HANGZHOU DOWELD PIPING TECHNOLOGY CO.,CHANFRO MÁQUINA – BEVELING-WPP252-1,1.0,7611.26,CHINA,Orçamento não Aprovado,OPERACIONAL,,Melhorias base STEP 25-05-26.xlsx,"{""source_sheet"": ""Custos x Execução"", ""source_row"": 79, ""original_status"": ""Orçamento não Apravado""}"
xlsx-25-05-26-r0080,80,04,SETOR 4,,2025-12-01,,,HANGZHOU DOWELD PIPING TECHNOLOGY CO.,CHANFRO MÁQUINA – BEVELING-M42,1.0,266.23,CHINA,Orçamento não Aprovado,OPERACIONAL,,Melhorias base STEP 25-05-26.xlsx,"{""source_sheet"": ""Custos x Execução"", ""source_row"": 80, ""original_status"": ""Orçamento não Apravado""}"
xlsx-25-05-26-r0081,81,04,SETOR 4,,2025-12-01,,,HANGZHOU DOWELD PIPING TECHNOLOGY CO.,CHANFRO MÁQUINA – BEVELING-WPE-352,1.0,8880.99,CHINA,Orçamento não Aprovado,OPERACIONAL,,Melhorias base STEP 25-05-26.xlsx,"{""source_sheet"": ""Custos x Execução"", ""source_row"": 81, ""original_status"": ""Orçamento não Apravado""}"
xlsx-25-05-26-r0082,82,04,SETOR 4,,2025-12-01,,,HANGZHOU DOWELD PIPING TECHNOLOGY CO.,CHANFRO MÁQUINA – BEVELING-M42,1.0,266.23,CHINA,Orçamento não Aprovado,OPERACIONAL,,Melhorias base STEP 25-05-26.xlsx,"{""source_sheet"": ""Custos x Execução"", ""source_row"": 82, ""original_status"": ""Orçamento não Apravado""}"
xlsx-25-05-26-r0083,83,04,SETOR 4,,2025-12-01,,,HANGZHOU DOWELD PIPING TECHNOLOGY CO.,CHANFRO MÁQUINA – BEVELING-WPP120,1.0,5290.38,CHINA,Orçamento não Aprovado,OPERACIONAL,,Melhorias base STEP 25-05-26.xlsx,"{""source_sheet"": ""Custos x Execução"", ""source_row"": 83, ""original_status"": ""Orçamento não Apravado""}"
xlsx-25-05-26-r0084,84,04,SETOR 4,,2025-12-01,,,HANGZHOU DOWELD PIPING TECHNOLOGY CO.,CHANFRO MÁQUINA – BEVELING-M42,1.0,266.23,CHINA,Orçamento não Aprovado,OPERACIONAL,,Melhorias base STEP 25-05-26.xlsx,"{""source_sheet"": ""Custos x Execução"", ""source_row"": 84, ""original_status"": ""Orçamento não Apravado""}"
xlsx-25-05-26-r0085,85,04,SETOR 4,,2025-12-01,,,FOSHAN JUNDELONG MACHINERY EQUIPMENT,MÁQUINA DE CORTE DE TUBO – PIPE CUTTING-JD-300,1.0,4778.33,CHINA,Orçamento não Aprovado,OPERACIONAL,,Melhorias base STEP 25-05-26.xlsx,"{""source_sheet"": ""Custos x Execução"", ""source_row"": 85, ""original_status"": ""Orçamento não Apravado""}"
xlsx-25-05-26-r0086,86,04,SETOR 4,,2025-12-01,,,WINCOO ENGINEERING CO.,MÁQUINA DE CHANFRO DE TUBO – PIPE BEVELING-WG2-11,1.0,3850.0,CHINA,Orçamento não Aprovado,OPERACIONAL,,Melhorias base STEP 25-05-26.xlsx,"{""source_sheet"": ""Custos x Execução"", ""source_row"": 86, ""original_status"": ""Orçamento não Apravado""}"
xlsx-25-05-26-r0087,87,04,SETOR 4,,2025-12-18,,,MUTIAN -,PORTICO ELÉTRICO,1.0,13523.13,CHINA,Orçamento não Aprovado,OPERACIONAL,,Melhorias base STEP 25-05-26.xlsx,"{""source_sheet"": ""Custos x Execução"", ""source_row"": 87, ""original_status"": ""Orçamento não Apravado""}"
xlsx-25-05-26-r0088,88,04,SETOR 4,,2025-12-18,,,NANJIE -,CARRINHO ELÉTRICO,1.0,3839.89,CHINA,Orçamento não Aprovado,OPERACIONAL,,Melhorias base STEP 25-05-26.xlsx,"{""source_sheet"": ""Custos x Execução"", ""source_row"": 88, ""original_status"": ""Orçamento não Apravado""}"
xlsx-25-05-26-r0089,89,04,SETOR 4,,2025-12-18,,,HUAYUAN -,PONTE ROLANTE,1.0,73323.25,CHINA,Orçamento não Aprovado,OPERACIONAL,,Melhorias base STEP 25-05-26.xlsx,"{""source_sheet"": ""Custos x Execução"", ""source_row"": 89, ""original_status"": ""Orçamento não Apravado""}"
xlsx-25-05-26-r0090,90,04,SETOR 4,,2025-12-18,,,PEISA -,PORTICO ELÉTRICO,1.0,6707.66,CHINA,Orçamento não Aprovado,OPERACIONAL,,Melhorias base STEP 25-05-26.xlsx,"{""source_sheet"": ""Custos x Execução"", ""source_row"": 90, ""original_status"": ""Orçamento não Apravado""}"
xlsx-25-05-26-r0091,91,04,SETOR 4,,2025-12-18,,,WUXI DATANG DLH0810 -,MANIPULADOR DE SOLDAGEM,1.0,64410.02,CHINA,Orçamento não Aprovado,OPERACIONAL,,Melhorias base STEP 25-05-26.xlsx,"{""source_sheet"": ""Custos x Execução"", ""source_row"": 91, ""original_status"": ""Orçamento não Apravado""}"
xlsx-25-05-26-r0092,92,04,SETOR 4,,2025-12-18,,,WUXI DATANG DLH1520 -,MANIPULADOR DE SOLDAGEM,1.0,172045.53,CHINA,Orçamento não Aprovado,OPERACIONAL,,Melhorias base STEP 25-05-26.xlsx,"{""source_sheet"": ""Custos x Execução"", ""source_row"": 92, ""original_status"": ""Orçamento não Apravado""}"
xlsx-25-05-26-r0093,93,04,SETOR 4,,2025-12-18,,,WUXI DATANG HB12 -,POSICIONADOR DE SOLDAGEM,1.0,779413.25,CHINA,Orçamento não Aprovado,OPERACIONAL,,Melhorias base STEP 25-05-26.xlsx,"{""source_sheet"": ""Custos x Execução"", ""source_row"": 93, ""original_status"": ""Orçamento não Apravado""}"
xlsx-25-05-26-r0094,94,04,SETOR 4,,2025-12-18,,,WUXI DATANG -,KIT DE PEÇAS DE REPOSIÇÃO,1.0,48683.25,CHINA,Orçamento não Aprovado,OPERACIONAL,,Melhorias base STEP 25-05-26.xlsx,"{""source_sheet"": ""Custos x Execução"", ""source_row"": 94, ""original_status"": ""Orçamento não Apravado""}"
xlsx-25-05-26-r0095,95,04,SETOR 4,,2025-12-18,,,ACME 6036TKA -,MÁQUINA DE CORTE LASER DE TUBO,1.0,1429312.5,CHINA,Cancelado,OPERACIONAL,,Melhorias base STEP 25-05-26.xlsx,"{""source_sheet"": ""Custos x Execução"", ""source_row"": 95, ""original_status"": ""Cancelado""}"
xlsx-25-05-26-r0096,96,04,SETOR 4,,2025-12-18,,,ACME 6055TKA,MÁQUINA DE CORTE LASER DE TUBO,1.0,1944250.0,CHINA,Cancelado,OPERACIONAL,,Melhorias base STEP 25-05-26.xlsx,"{""source_sheet"": ""Custos x Execução"", ""source_row"": 96, ""original_status"": ""Cancelado""}"
xlsx-25-05-26-r0097,97,04,SETOR 4,,2025-12-18,,,HONHNIU HN6036SN,MÁQUINA DE CORTE LASER DE TUBO FIBRA,1.0,1266650.0,CHINA,Cancelado,OPERACIONAL,,Melhorias base STEP 25-05-26.xlsx,"{""source_sheet"": ""Custos x Execução"", ""source_row"": 97, ""original_status"": ""Cancelado""}"
xlsx-25-05-26-r0098,98,04,SETOR 4,,2025-12-18,,,SENFENG SF6035GST,MÁQUINA DE CORTE LASER DE TUBO,1.0,2204125.0,CHINA,Cancelado,OPERACIONAL,,Melhorias base STEP 25-05-26.xlsx,"{""source_sheet"": ""Custos x Execução"", ""source_row"": 98, ""original_status"": ""Cancelado""}"
xlsx-25-05-26-r0099,99,04,SETOR 4,,2025-12-18,,,WUXI DATANG,POSICIONADOR DE SOLDA – WELDING POSITIONER,1.0,16177.6,CHINA,Cancelado,OPERACIONAL,,Melhorias base STEP 25-05-26.xlsx,"{""source_sheet"": ""Custos x Execução"", ""source_row"": 99, ""original_status"": ""Cancelado""}"
xlsx-25-05-26-r0100,100,04,SETOR 4,,2025-12-18,,,WUXI DATANG,VIRADOR DE SOLDA LEVE – LIGHT WELDING ROTATOR,1.0,72758.46,CHINA,Cancelado,OPERACIONAL,,Melhorias base STEP 25-05-26.xlsx,"{""source_sheet"": ""Custos x Execução"", ""source_row"": 100, ""original_status"": ""Cancelado""}"
xlsx-25-05-26-r0101,101,04,SETOR 4,,2025-12-18,,,WUXI DATANG,VIRADOR DE SOLDA COM FUSO AJUSTÁVEL – LEAD SCREW ADJUSTABLE WELDING ROTATOR,1.0,239265.57,CHINA,Orçamento não Aprovado,OPERACIONAL,,Melhorias base STEP 25-05-26.xlsx,"{""source_sheet"": ""Custos x Execução"", ""source_row"": 101, ""original_status"": ""Orçamento não Apravado""}"
xlsx-25-05-26-r0102,102,04,SETOR 4,,2025-12-18,,,WUXI DATANG,MANIPULADOR DE SOLDA TIPO PEQUENO – SMALL TYPE WELDING MANIPULATOR,1.0,75314.28,CHINA,Orçamento não Aprovado,OPERACIONAL,,Melhorias base STEP 25-05-26.xlsx,"{""source_sheet"": ""Custos x Execução"", ""source_row"": 102, ""original_status"": ""Orçamento não Apravado""}"
xlsx-25-05-26-r0103,103,04,SETOR 4,,2025-12-18,,,WUXI DATANG,MÁQUINA DE CORTE CNC PLASMA COM CHANFRO – CNC PLASMA BEVEL CUTTING MACHINE,1.0,362840.75,CHINA,Cancelado,OPERACIONAL,,Melhorias base STEP 25-05-26.xlsx,"{""source_sheet"": ""Custos x Execução"", ""source_row"": 103, ""original_status"": ""Cancelado""}"
xlsx-25-05-26-r0104,104,04,SETOR 4,,2025-12-18,,,WUXI DATANG,PEÇAS DE REPOSIÇÃO PARA 1 ANO – ONE YEAR SPARE,1.0,57241.61,CHINA,Cancelado,OPERACIONAL,,Melhorias base STEP 25-05-26.xlsx,"{""source_sheet"": ""Custos x Execução"", ""source_row"": 104, ""original_status"": ""Cancelado""}"
xlsx-25-05-26-r0105,105,04,SETOR 4,,2025-12-18,,,QIANSHAN,MÁQUINA CNC CORTE DE PERFIL DE TUBO FLAME/PLASMA – CNC FLAME/PLASMA PIPE PROFILE CUTTING MACHINE,1.0,842867.22,CHINA,Cancelado,OPERACIONAL,,Melhorias base STEP 25-05-26.xlsx,"{""source_sheet"": ""Custos x Execução"", ""source_row"": 105, ""original_status"": ""Cancelado""}"
xlsx-25-05-26-r0106,106,04,SETOR 4,,2025-12-18,,,QIANSHAN,MÁQUINA CNC CORTE DE PERFIL DE TUBO PLASMA – CNC PLASMA PIPE PROFILE CUTTING MACHINE,1.0,570974.54,CHINA,Cancelado,OPERACIONAL,,Melhorias base STEP 25-05-26.xlsx,"{""source_sheet"": ""Custos x Execução"", ""source_row"": 106, ""original_status"": ""Cancelado""}"
xlsx-25-05-26-r0107,107,04,SETOR 4,,2025-12-18,,,LIAOLING HUAYUAN,PONTE ROLANTE DE VIGA SIMPLES – 3 TONELADAS,1.0,497253.58,CHINA,Orçamento não Aprovado,OPERACIONAL,,Melhorias base STEP 25-05-26.xlsx,"{""source_sheet"": ""Custos x Execução"", ""source_row"": 107, ""original_status"": ""Orçamento não Apravado""}"
xlsx-25-05-26-r0108,108,04,SETOR 4,,2025-12-18,,,TXK,GUINDASTE COM GANCHO – HOOK CRANE,1.0,7585.85,CHINA,Orçamento não Aprovado,OPERACIONAL,,Melhorias base STEP 25-05-26.xlsx,"{""source_sheet"": ""Custos x Execução"", ""source_row"": 108, ""original_status"": ""Orçamento não Apravado""}"
xlsx-25-05-26-r0109,109,04,SETOR 4,,2025-12-18,,,TXK,GUINDASTE COM GANCHO – HOOK CRANE,1.0,9054.05,CHINA,Orçamento não Aprovado,OPERACIONAL,,Melhorias base STEP 25-05-26.xlsx,"{""source_sheet"": ""Custos x Execução"", ""source_row"": 109, ""original_status"": ""Orçamento não Apravado""}"
xlsx-25-05-26-r0110,110,04,SETOR 4,,2025-12-18,,,LUZHONG,FURADEIRA RADIAL,1.0,25829.84,CHINA,Orçamento não Aprovado,OPERACIONAL,,Melhorias base STEP 25-05-26.xlsx,"{""source_sheet"": ""Custos x Execução"", ""source_row"": 110, ""original_status"": ""Orçamento não Apravado""}"
xlsx-25-05-26-r0111,111,04,SETOR 4,,2025-12-18,,,BETTER,PALETEIRA ELÉTRICA – 2 METROS / 2 TONELADAS,1.0,233827.73,CHINA,Orçamento não Aprovado,OPERACIONAL,,Melhorias base STEP 25-05-26.xlsx,"{""source_sheet"": ""Custos x Execução"", ""source_row"": 111, ""original_status"": ""Orçamento não Apravado""}"
xlsx-25-05-26-r0112,112,04,SETOR 4,,2025-12-18,,,BOHUI MACHINERY,SUPORTE DE TUBO,1.0,18896.57,CHINA,Orçamento não Aprovado,OPERACIONAL,,Melhorias base STEP 25-05-26.xlsx,"{""source_sheet"": ""Custos x Execução"", ""source_row"": 112, ""original_status"": ""Orçamento não Apravado""}"
xlsx-25-05-26-r0113,113,06,SETOR 6,,2025-12-18,,,PUHUA GROUP,CABINE DE JATEAMENTO COM RECUPERAÇÃO – RECOVERY SAND BLASTING BOOTH,1.0,419802.27,CHINA,Orçamento não Aprovado,OPERACIONAL,,Melhorias base STEP 25-05-26.xlsx,"{""source_sheet"": ""Custos x Execução"", ""source_row"": 113, ""original_status"": ""Orçamento não Apravado""}"
xlsx-25-05-26-r0114,114,06,SETOR 6,,2025-12-18,,,QINGGONG,CABINE DE JATEAMENTO COM RECUPERAÇÃO – RECOVERY SAND BLASTING BOOTH,1.0,774894.02,CHINA,Orçamento não Aprovado,OPERACIONAL,,Melhorias base STEP 25-05-26.xlsx,"{""source_sheet"": ""Custos x Execução"", ""source_row"": 114, ""original_status"": ""Orçamento não Apravado""}"
xlsx-25-05-26-r0115,115,04,SETOR 4,,2025-12-18,,,HUAGONG,CORTE A LASER & BISEL – LASER CUT & BEZEL,1.0,2127560.05,CHINA,Cancelado,OPERACIONAL,,Melhorias base STEP 25-05-26.xlsx,"{""source_sheet"": ""Custos x Execução"", ""source_row"": 115, ""original_status"": ""Cancelado""}"
xlsx-25-05-26-r0116,116,04,SETOR 4,,2025-12-18,,,HUAGONG,CORTE A LASER & BISEL – LASER CUT & BEZEL,1.0,2175141.24,CHINA,Cancelado,OPERACIONAL,,Melhorias base STEP 25-05-26.xlsx,"{""source_sheet"": ""Custos x Execução"", ""source_row"": 116, ""original_status"": ""Cancelado""}"
xlsx-25-05-26-r0117,117,04,SETOR 4,,2025-12-18,,,NUOMAN,PALETEIRA ELETRICA 2 TON - ELECTRIC STACKER,1.0,44467.5,CHINA,Orçamento não Aprovado,OPERACIONAL,,Melhorias base STEP 25-05-26.xlsx,"{""source_sheet"": ""Custos x Execução"", ""source_row"": 117, ""original_status"": ""Orçamento não Apravado""}"
xlsx-25-05-26-r0118,118,04,SETOR 4,,2025-12-18,,,FABRICANTE - CHINA,PATRELEIRA PORTA PALLET PARA O ESTOQUE,25.0,55362.037500000006,CHINA,Orçamento não Aprovado,OPERACIONAL,,Melhorias base STEP 25-05-26.xlsx,"{""source_sheet"": ""Custos x Execução"", ""source_row"": 118, ""original_status"": ""Orçamento não Apravado""}"
xlsx-25-05-26-r0119,119,04,SETOR 4,,2026-02-05,,,SILBER DO BRASIL,MAQUINA DE CORTE E BISEL CNC PLASMA,1.0,615000.0,BRASIL,Cancelado,OPERACIONAL,,Melhorias base STEP 25-05-26.xlsx,"{""source_sheet"": ""Custos x Execução"", ""source_row"": 119, ""original_status"": ""Cancelado""}"
xlsx-25-05-26-r0120,120,02,SETOR 2,41750,2026-02-10,42355,2026-02-10,LANSUN - CHINA,MAQUINA DE CORTE E BISEL CNC PLASMA LANSUN ZLQ-54G,1.0,172012.5,CHINA,Comprado,OPERACIONAL,,Melhorias base STEP 25-05-26.xlsx,"{""source_sheet"": ""Custos x Execução"", ""source_row"": 120, ""original_status"": ""Comprado""}"
xlsx-25-05-26-r0121,121,04,SETOR 4,41750,2026-02-12,42390,2026-02-12,WUXI HALDEN,ROLETES PARA SOLDA CR1 E CR3,1.0,43594.0725,CHINA,Comprado,OPERACIONAL,,Melhorias base STEP 25-05-26.xlsx,"{""source_sheet"": ""Custos x Execução"", ""source_row"": 121, ""original_status"": ""Comprado""}"
xlsx-25-05-26-r0122,122,04,SETOR 4,41779,2026-02-13,42412,2026-02-20,COPERFERRO,BANCADAS METALICAS - FABRICA,1.0,38688.0,BRASIL,Comprado,OPERACIONAL,,Melhorias base STEP 25-05-26.xlsx,"{""source_sheet"": ""Custos x Execução"", ""source_row"": 122, ""original_status"": ""Comprado""}"
xlsx-25-05-26-r0123,123,02,SETOR 2,41907,,42550,2026-02-25,LANSUN - CHINA,ACESSORIOS DIVERSOS DA CNC CORTE PLASMA,1.0,11464.86,CHINA,Comprado,OPERACIONAL,,Melhorias base STEP 25-05-26.xlsx,"{""source_sheet"": ""Custos x Execução"", ""source_row"": 123, ""original_status"": ""Comprado""}"
xlsx-25-05-26-r0124,124,04,SETOR 4,,,,,PROJECARD,PROJETO ESTRUTURAL PARA PONTE ROLANTE + PROJETO,40.0,21960.0,BRASIL,Em Orçamento,PROJETO,,Melhorias base STEP 25-05-26.xlsx,"{""source_sheet"": ""Custos x Execução"", ""source_row"": 124, ""original_status"": ""Em Orçamento""}"
xlsx-25-05-26-r0125,125,04,SETOR 4 - SALA DA QUALIDADE,25612,2025-06-19,38010,2025-06-26,MARIO TELHAS COMERCIO DE MATERIAIS DE CONSTRUÇÃO,BLOCO DE ESPUMA P/ CAMURÇA,5.0,30.8,BRASIL,Comprado,AMPLIAÇÃO CQ,,Melhorias base STEP 25-05-26.xlsx,"{""source_sheet"": ""Custos x Execução"", ""source_row"": 125, ""original_status"": ""Comprado""}"
xlsx-25-05-26-r0126,126,04,SETOR 4 - SALA DA QUALIDADE,25612,2025-06-19,38010,2025-06-26,MARIO TELHAS COMERCIO DE MATERIAIS DE CONSTRUÇÃO,AREIA,8.0,1126.4,BRASIL,Comprado,AMPLIAÇÃO CQ,,Melhorias base STEP 25-05-26.xlsx,"{""source_sheet"": ""Custos x Execução"", ""source_row"": 126, ""original_status"": ""Comprado""}"
xlsx-25-05-26-r0127,127,04,SETOR 4 - SALA DA QUALIDADE,25612,2025-06-19,38010,2025-06-26,MARIO TELHAS COMERCIO DE MATERIAIS DE CONSTRUÇÃO,LIGA PARAISO ( SACO 20KG),15.0,145.2,BRASIL,Comprado,AMPLIAÇÃO CQ,,Melhorias base STEP 25-05-26.xlsx,"{""source_sheet"": ""Custos x Execução"", ""source_row"": 127, ""original_status"": ""Comprado""}"
xlsx-25-05-26-r0128,128,04,SETOR 4 - SALA DA QUALIDADE,25612,2025-06-19,38010,2025-06-26,MARIO TELHAS COMERCIO DE MATERIAIS DE CONSTRUÇÃO,CARRINHO DE MAO,1.0,152.68,BRASIL,Comprado,AMPLIAÇÃO CQ,,Melhorias base STEP 25-05-26.xlsx,"{""source_sheet"": ""Custos x Execução"", ""source_row"": 128, ""original_status"": ""Comprado""}"
xlsx-25-05-26-r0129,129,04,SETOR 4 - SALA DA QUALIDADE,25612,2025-06-19,38010,2025-06-26,MARIO TELHAS COMERCIO DE MATERIAIS DE CONSTRUÇÃO,DESEMPENADEIRA PLASTICA 12X28 CM,1.0,13.28,BRASIL,Comprado,AMPLIAÇÃO CQ,,Melhorias base STEP 25-05-26.xlsx,"{""source_sheet"": ""Custos x Execução"", ""source_row"": 129, ""original_status"": ""Comprado""}"
xlsx-25-05-26-r0130,130,04,SETOR 4 - SALA DA QUALIDADE,25612,2025-06-19,38010,2025-06-26,MARIO TELHAS COMERCIO DE MATERIAIS DE CONSTRUÇÃO,DESEMPENADEIRA MADEIRA 19X29 CM,1.0,24.08,BRASIL,Comprado,AMPLIAÇÃO CQ,,Melhorias base STEP 25-05-26.xlsx,"{""source_sheet"": ""Custos x Execução"", ""source_row"": 130, ""original_status"": ""Comprado""}"
xlsx-25-05-26-r0131,131,04,SETOR 4 - SALA DA QUALIDADE,25612,2025-06-19,38010,2025-06-26,MARIO TELHAS COMERCIO DE MATERIAIS DE CONSTRUÇÃO,"REGUA DE ALUMINIO 2,5M",1.0,54.96,BRASIL,Comprado,AMPLIAÇÃO CQ,,Melhorias base STEP 25-05-26.xlsx,"{""source_sheet"": ""Custos x Execução"", ""source_row"": 131, ""original_status"": ""Comprado""}"
xlsx-25-05-26-r0132,132,04,SETOR 4 - SALA DA QUALIDADE,25612,2025-06-19,38011,2025-06-26,MYSA S/A,ESPAÇADOR NIVELADOR 2MM SACOS C/ 50 UNID.,10.0,243.84,BRASIL,Comprado,AMPLIAÇÃO CQ,,Melhorias base STEP 25-05-26.xlsx,"{""source_sheet"": ""Custos x Execução"", ""source_row"": 132, ""original_status"": ""Comprado""}"
xlsx-25-05-26-r0133,133,04,SETOR 4 - SALA DA QUALIDADE,25612,2025-06-19,38011,2025-06-26,MYSA S/A,REJUNTE QUARTZOLIT P/ PORCELANATO 1KG,15.0,199.47,BRASIL,Comprado,AMPLIAÇÃO CQ,,Melhorias base STEP 25-05-26.xlsx,"{""source_sheet"": ""Custos x Execução"", ""source_row"": 133, ""original_status"": ""Comprado""}"
xlsx-25-05-26-r0134,134,04,SETOR 4 - SALA DA QUALIDADE,25612,2025-06-19,38011,2025-06-26,MYSA S/A,ARGAMASSA,10.0,197.9,BRASIL,Comprado,AMPLIAÇÃO CQ,,Melhorias base STEP 25-05-26.xlsx,"{""source_sheet"": ""Custos x Execução"", ""source_row"": 134, ""original_status"": ""Comprado""}"
xlsx-25-05-26-r0135,135,04,SETOR 4 - SALA DA QUALIDADE,25612,2025-06-19,38011,2025-06-26,MYSA S/A,SIFAO SANFONADO UNIVERSAL BRANCO,4.0,19.36,BRASIL,Comprado,AMPLIAÇÃO CQ,,Melhorias base STEP 25-05-26.xlsx,"{""source_sheet"": ""Custos x Execução"", ""source_row"": 135, ""original_status"": ""Comprado""}"
xlsx-25-05-26-r0136,136,04,SETOR 4 - SALA DA QUALIDADE,25612,2025-06-19,38011,2025-06-26,MYSA S/A,JOELHO ESGOTO 40X45,4.0,8.04,BRASIL,Comprado,AMPLIAÇÃO CQ,,Melhorias base STEP 25-05-26.xlsx,"{""source_sheet"": ""Custos x Execução"", ""source_row"": 136, ""original_status"": ""Comprado""}"
xlsx-25-05-26-r0137,137,04,SETOR 4 - SALA DA QUALIDADE,25612,2025-06-19,38011,2025-06-26,MYSA S/A,PORCELANATO,130.83,6474.78,BRASIL,Comprado,AMPLIAÇÃO CQ,,Melhorias base STEP 25-05-26.xlsx,"{""source_sheet"": ""Custos x Execução"", ""source_row"": 137, ""original_status"": ""Comprado""}"
xlsx-25-05-26-r0138,138,04,SETOR 4 - SALA DA QUALIDADE,25612,2025-06-19,38011,2025-06-26,MYSA S/A,LAVATORIO 53CM BRANCO,1.0,232.4,BRASIL,Comprado,AMPLIAÇÃO CQ,,Melhorias base STEP 25-05-26.xlsx,"{""source_sheet"": ""Custos x Execução"", ""source_row"": 138, ""original_status"": ""Comprado""}"
xlsx-25-05-26-r0139,139,04,SETOR 4 - SALA DA QUALIDADE,25612,2025-06-19,38011,2025-06-26,MYSA S/A,JOELHO 90° PVC SOLDAVEL 25 MM,10.0,6.9,BRASIL,Comprado,AMPLIAÇÃO CQ,,Melhorias base STEP 25-05-26.xlsx,"{""source_sheet"": ""Custos x Execução"", ""source_row"": 139, ""original_status"": ""Comprado""}"
xlsx-25-05-26-r0140,140,04,SETOR 4 - SALA DA QUALIDADE,25612,2025-06-19,38011,2025-06-26,MYSA S/A,REGISTRO SOLDAVEL PVC 25MM,2.0,30.24,BRASIL,Comprado,AMPLIAÇÃO CQ,,Melhorias base STEP 25-05-26.xlsx,"{""source_sheet"": ""Custos x Execução"", ""source_row"": 140, ""original_status"": ""Comprado""}"
xlsx-25-05-26-r0141,141,04,SETOR 4 - SALA DA QUALIDADE,25612,2025-06-19,38011,2025-06-26,MYSA S/A,VALVULA LAVATORIO C/ PORTAL METAL 7CM,1.0,8.31,BRASIL,Comprado,AMPLIAÇÃO CQ,,Melhorias base STEP 25-05-26.xlsx,"{""source_sheet"": ""Custos x Execução"", ""source_row"": 141, ""original_status"": ""Comprado""}"
xlsx-25-05-26-r0142,142,04,SETOR 4 - SALA DA QUALIDADE,25612,2025-06-19,38011,2025-06-26,MYSA S/A,DUCHA HIGIENICA,3.0,346.08,BRASIL,Comprado,AMPLIAÇÃO CQ,,Melhorias base STEP 25-05-26.xlsx,"{""source_sheet"": ""Custos x Execução"", ""source_row"": 142, ""original_status"": ""Comprado""}"
xlsx-25-05-26-r0143,143,04,SETOR 4 - SALA DA QUALIDADE,25612,2025-06-19,38011,2025-06-26,MYSA S/A,ENGATE FLEXÍVEL PVC DE 50CM,5.0,31.4,BRASIL,Comprado,AMPLIAÇÃO CQ,,Melhorias base STEP 25-05-26.xlsx,"{""source_sheet"": ""Custos x Execução"", ""source_row"": 143, ""original_status"": ""Comprado""}"
xlsx-25-05-26-r0144,144,04,SETOR 4 - SALA DA QUALIDADE,25612,2025-06-19,38011,2025-06-26,MYSA S/A,TORNEIRA LAVATÓRIO AUTOMÁTICA,1.0,183.59,BRASIL,Comprado,AMPLIAÇÃO CQ,,Melhorias base STEP 25-05-26.xlsx,"{""source_sheet"": ""Custos x Execução"", ""source_row"": 144, ""original_status"": ""Comprado""}"
xlsx-25-05-26-r0145,145,04,SETOR 4 - SALA DA QUALIDADE,25612,2025-06-19,38011,2025-06-26,MYSA S/A,REJUNTE EXTRA FINO 1KG,5.0,99.1,BRASIL,Comprado,AMPLIAÇÃO CQ,,Melhorias base STEP 25-05-26.xlsx,"{""source_sheet"": ""Custos x Execução"", ""source_row"": 145, ""original_status"": ""Comprado""}"
xlsx-25-05-26-r0146,146,04,SETOR 4 - SALA DA QUALIDADE,25612,2025-06-19,38011,2025-06-26,MYSA S/A,TUBO PVC ESGOTO 40MM,1.0,76.38,BRASIL,Comprado,AMPLIAÇÃO CQ,,Melhorias base STEP 25-05-26.xlsx,"{""source_sheet"": ""Custos x Execução"", ""source_row"": 146, ""original_status"": ""Comprado""}"
xlsx-25-05-26-r0147,147,04,SETOR 4 - SALA DA QUALIDADE,25612,2025-06-19,38011,2025-06-26,MYSA S/A,TE SOLDAVEL C/ BUCHA LATAO 90º RE. 25MM X 3/4,2.0,26.98,BRASIL,Comprado,AMPLIAÇÃO CQ,,Melhorias base STEP 25-05-26.xlsx,"{""source_sheet"": ""Custos x Execução"", ""source_row"": 147, ""original_status"": ""Comprado""}"
xlsx-25-05-26-r0148,148,04,SETOR 4 - SALA DA QUALIDADE,25612,2025-06-19,38011,2025-06-26,MYSA S/A,JOELHO 90° SOLD BC LT 25MM X 1/2,10.0,54.0,BRASIL,Comprado,AMPLIAÇÃO CQ,,Melhorias base STEP 25-05-26.xlsx,"{""source_sheet"": ""Custos x Execução"", ""source_row"": 148, ""original_status"": ""Comprado""}"
xlsx-25-05-26-r0149,149,04,SETOR 4 - SALA DA QUALIDADE,25612,2025-06-19,38011,2025-06-26,MYSA S/A,REVESTIMENTO 33 X60CM P/ BANHEIRO,32.32,872.32,BRASIL,Comprado,AMPLIAÇÃO CQ,,Melhorias base STEP 25-05-26.xlsx,"{""source_sheet"": ""Custos x Execução"", ""source_row"": 149, ""original_status"": ""Comprado""}"
xlsx-25-05-26-r0150,150,04,SETOR 4 - SALA DA QUALIDADE,25612,2025-06-19,38011,2025-06-26,MYSA S/A,CUNHA P/ NIVELAMENTO BASÍCO SACOS C/50 UNID.,10.0,105.6,BRASIL,Comprado,AMPLIAÇÃO CQ,,Melhorias base STEP 25-05-26.xlsx,"{""source_sheet"": ""Custos x Execução"", ""source_row"": 150, ""original_status"": ""Comprado""}"
xlsx-25-05-26-r0151,151,04,SETOR 4 - SALA DA QUALIDADE,26495,2025-07-11,38291,2025-07-11,COMERCIAL TJ ELETRICA E HIDRAULICA,"CIRANDA P/ MINERAL 1,20 MT",1.0,135.0,BRASIL,Comprado,AMPLIAÇÃO CQ,,Melhorias base STEP 25-05-26.xlsx,"{""source_sheet"": ""Custos x Execução"", ""source_row"": 151, ""original_status"": ""Comprado""}"
xlsx-25-05-26-r0152,152,04,SETOR 4 - SALA DA QUALIDADE,26857,2025-07-16,38342,2025-07-16,COMERCIAL TJ ELETRICA E HIDRAULICA,SACO DE CIMENTO CPIII,35.0,1195.25,BRASIL,Comprado,AMPLIAÇÃO CQ,,Melhorias base STEP 25-05-26.xlsx,"{""source_sheet"": ""Custos x Execução"", ""source_row"": 152, ""original_status"": ""Comprado""}"
xlsx-25-05-26-r0153,153,04,SETOR 4 - SALA DA QUALIDADE,26857,2025-07-16,38342,2025-07-16,COMERCIAL TJ ELETRICA E HIDRAULICA,LIGA PARAISO ( SACO 20KG),25.0,242.0,BRASIL,Comprado,AMPLIAÇÃO CQ,,Melhorias base STEP 25-05-26.xlsx,"{""source_sheet"": ""Custos x Execução"", ""source_row"": 153, ""original_status"": ""Comprado""}"
xlsx-25-05-26-r0154,154,04,SETOR 4 - SALA DA QUALIDADE,26972,2025-07-17,38553,2025-07-28,COTIMA COMERCIO DE TINTAS MACAE LTDA,MASSA CORRIDA 25KG,15.0,511.65,BRASIL,Comprado,AMPLIAÇÃO CQ,,Melhorias base STEP 25-05-26.xlsx,"{""source_sheet"": ""Custos x Execução"", ""source_row"": 154, ""original_status"": ""Comprado""}"
xlsx-25-05-26-r0155,155,04,SETOR 4 - SALA DA QUALIDADE,26972,2025-07-17,38553,2025-07-28,COTIMA COMERCIO DE TINTAS MACAE LTDA,SELADOR DE ACRILICO,2.0,284.8,BRASIL,Comprado,AMPLIAÇÃO CQ,,Melhorias base STEP 25-05-26.xlsx,"{""source_sheet"": ""Custos x Execução"", ""source_row"": 155, ""original_status"": ""Comprado""}"
xlsx-25-05-26-r0156,156,04,SETOR 4 - SALA DA QUALIDADE,27089,2025-07-23,38593,2025-07-30,APTEX COMERCIO DE MOVEIS DE ESCRITÓRIO EIRELLI,SERVIÇO DE INSTALAÇÃO FORRO E DRYWALL,1.0,47887.0,BRASIL,Comprado,AMPLIAÇÃO CQ,,Melhorias base STEP 25-05-26.xlsx,"{""source_sheet"": ""Custos x Execução"", ""source_row"": 156, ""original_status"": ""Comprado""}"
xlsx-25-05-26-r0157,157,04,SETOR 4 - SALA DA QUALIDADE,27381,2025-08-14,38896,2025-08-18,COTIMA COMERCIO DE TINTAS MACAE LTDA,MASSA CORRIDA 25KG,8.0,969.36,BRASIL,Comprado,AMPLIAÇÃO CQ,,Melhorias base STEP 25-05-26.xlsx,"{""source_sheet"": ""Custos x Execução"", ""source_row"": 157, ""original_status"": ""Comprado""}"
xlsx-25-05-26-r0158,158,04,SETOR 4 - SALA DA QUALIDADE,27381,2025-08-14,38896,2025-08-18,COTIMA COMERCIO DE TINTAS MACAE LTDA,LIXA P/ PAREDE 150,30.0,27.6,BRASIL,Comprado,AMPLIAÇÃO CQ,,Melhorias base STEP 25-05-26.xlsx,"{""source_sheet"": ""Custos x Execução"", ""source_row"": 158, ""original_status"": ""Comprado""}"
xlsx-25-05-26-r0159,159,04,SETOR 4 - SALA DA QUALIDADE,27381,2025-08-14,38896,2025-08-18,COTIMA COMERCIO DE TINTAS MACAE LTDA,LIXA P/ MADEIRA 180,30.0,27.9,BRASIL,Comprado,AMPLIAÇÃO CQ,,Melhorias base STEP 25-05-26.xlsx,"{""source_sheet"": ""Custos x Execução"", ""source_row"": 159, ""original_status"": ""Comprado""}"
xlsx-25-05-26-r0160,160,04,SETOR 4 - SALA DA QUALIDADE,27381,2025-08-14,38896,2025-08-18,COTIMA COMERCIO DE TINTAS MACAE LTDA,TINTA ACRILICA CORAL COR: BRANCA 18LT,2.0,859.88,BRASIL,Comprado,AMPLIAÇÃO CQ,,Melhorias base STEP 25-05-26.xlsx,"{""source_sheet"": ""Custos x Execução"", ""source_row"": 160, ""original_status"": ""Comprado""}"
xlsx-25-05-26-r0161,161,04,SETOR 4 - SALA DA QUALIDADE,27381,2025-08-14,38896,2025-08-18,COTIMA COMERCIO DE TINTAS MACAE LTDA,MASSA ACRILICA 25KG,2.0,541.32,BRASIL,Comprado,AMPLIAÇÃO CQ,,Melhorias base STEP 25-05-26.xlsx,"{""source_sheet"": ""Custos x Execução"", ""source_row"": 161, ""original_status"": ""Comprado""}"
xlsx-25-05-26-r0162,162,04,SETOR 4 - SALA DA QUALIDADE,27465,2025-08-21,38994,2025-08-22,A M DE SOUZA GOMES COMER DE FERRAM LTDA ­ ME,SERRA MARMORE,1.0,467.39,BRASIL,Comprado,AMPLIAÇÃO CQ,,Melhorias base STEP 25-05-26.xlsx,"{""source_sheet"": ""Custos x Execução"", ""source_row"": 162, ""original_status"": ""Comprado""}"
xlsx-25-05-26-r0163,163,04,SETOR 4 - SALA DA QUALIDADE,27610,2025-09-02,39196,2025-09-03,APC DISTRIBUIDORA DE TINTAS LTDA,LIXA P/ MADEIRA 180,10.0,5.3,BRASIL,Comprado,AMPLIAÇÃO CQ,,Melhorias base STEP 25-05-26.xlsx,"{""source_sheet"": ""Custos x Execução"", ""source_row"": 163, ""original_status"": ""Comprado""}"
xlsx-25-05-26-r0164,164,04,SETOR 4 - SALA DA QUALIDADE,27610,2025-09-02,39196,2025-09-03,APC DISTRIBUIDORA DE TINTAS LTDA,TINTA ACRILICA CORAL COR: BRANCA 18LT,1.0,354.15,BRASIL,Comprado,AMPLIAÇÃO CQ,,Melhorias base STEP 25-05-26.xlsx,"{""source_sheet"": ""Custos x Execução"", ""source_row"": 164, ""original_status"": ""Comprado""}"
xlsx-25-05-26-r0165,165,04,SETOR 4 - SALA DA QUALIDADE,27610,2025-09-02,39196,2025-09-03,APC DISTRIBUIDORA DE TINTAS LTDA,"TINTA ESMALTE SINTETICO BASE AGUA FOSCO BRANCO 3,6L",3.6,131.73,BRASIL,Comprado,AMPLIAÇÃO CQ,,Melhorias base STEP 25-05-26.xlsx,"{""source_sheet"": ""Custos x Execução"", ""source_row"": 165, ""original_status"": ""Comprado""}"
xlsx-25-05-26-r0166,166,04,SETOR 4 - SALA DA QUALIDADE,27610,2025-09-02,39196,2025-09-03,APC DISTRIBUIDORA DE TINTAS LTDA,LIXA P/ PAREDE 150,10.0,5.3,BRASIL,Comprado,AMPLIAÇÃO CQ,,Melhorias base STEP 25-05-26.xlsx,"{""source_sheet"": ""Custos x Execução"", ""source_row"": 166, ""original_status"": ""Comprado""}"
xlsx-25-05-26-r0167,167,04,SETOR 4 - SALA DA QUALIDADE,27656,2025-09-03,39258,2025-09-05,GVR UTILIDADES DO LAR LTDA,UTENSILIOS DOMESTICO,2.0,15.8,BRASIL,Comprado,AMPLIAÇÃO CQ,,Melhorias base STEP 25-05-26.xlsx,"{""source_sheet"": ""Custos x Execução"", ""source_row"": 167, ""original_status"": ""Comprado""}"
xlsx-25-05-26-r0168,168,04,SETOR 4 - SALA DA QUALIDADE,27656,2025-09-03,39259,2025-09-05,DISCAPEL RECREIO COMERCIO VAREJISTA E ATACADISTA L,UTENSILIOS DOMESTICO,1.0,44.05,BRASIL,Comprado,AMPLIAÇÃO CQ,,Melhorias base STEP 25-05-26.xlsx,"{""source_sheet"": ""Custos x Execução"", ""source_row"": 168, ""original_status"": ""Comprado""}"
xlsx-25-05-26-r0169,169,04,SETOR 4 - SALA DA QUALIDADE,28190,2025-10-20,41867,2026-01-13,E G ALVARENGA MOVEIS PLANEJADOS,SERVIÇOS DIVERSIFICADOS NÃO LIGADOS A PRODUÇÃO,1.0,3055.0,BRASIL,Comprado,AMPLIAÇÃO CQ,,Melhorias base STEP 25-05-26.xlsx,"{""source_sheet"": ""Custos x Execução"", ""source_row"": 169, ""original_status"": ""Comprado""}"
xlsx-25-05-26-r0170,170,04,SETOR 4 - SALA DA QUALIDADE,29530,2025-11-19,41271,2025-12-15,A M DE SOUZA GOMES COMER DE FERRAM LTDA ­ ME,FITA ANTIDERRAPANTE LIXA AUTOADESIVA ZEBRADA AMARELA E PRETA TIPO LIXA 50MMX20MTS,2.0,273.38,BRASIL,Comprado,AMPLIAÇÃO CQ,,Melhorias base STEP 25-05-26.xlsx,"{""source_sheet"": ""Custos x Execução"", ""source_row"": 170, ""original_status"": ""Comprado""}"
xlsx-25-05-26-r0171,171,04,SETOR 4 - SALA EPI,26865,2025-07-16,38459,2025-07-23,LAGOS TELHAS LTDA,"TELHA TRAPEZOIDAL GALVANIZADA 6 X 1,10 X 0,43M",30.0,6819.66,BRASIL,Comprado,AMPLIAÇÃO SMS,,Melhorias base STEP 25-05-26.xlsx,"{""source_sheet"": ""Custos x Execução"", ""source_row"": 171, ""original_status"": ""Comprado""}"
xlsx-25-05-26-r0172,172,04,SETOR 4 - SALA EPI,27688,2025-09-12,39473,2025-09-18,CASA BELLA DE MACAE MATERIAL DE CONSTRUCAO LTDA,SACO DE CIMENTO CPIII,11.0,346.5,BRASIL,Comprado,AMPLIAÇÃO SMS,,Melhorias base STEP 25-05-26.xlsx,"{""source_sheet"": ""Custos x Execução"", ""source_row"": 172, ""original_status"": ""Comprado""}"
xlsx-25-05-26-r0173,173,06A,SETOR 6A,28415,2025-10-28,40711,2025-11-18,J B DISTRIBUIDORA DE EMBALAGENS E PRODUTOS EM GERA,TAMBOR METÁLICO 200 LITROS (VAZIO),20.0,1800.0,BRASIL,Comprado,OPERACIONAL,,Melhorias base STEP 25-05-26.xlsx,"{""source_sheet"": ""Custos x Execução"", ""source_row"": 173, ""original_status"": ""Comprado""}"
xlsx-25-05-26-r0174,174,06,SETOR 6,24461,2025-02-17,36065,2025-02-21,DINAMICA NEGOCIOS E SERVICOS LTDA,SACO DE CIMENTO CPIII,8.0,284.0,BRASIL,Comprado,CIVIL,,Melhorias base STEP 25-05-26.xlsx,"{""source_sheet"": ""Custos x Execução"", ""source_row"": 174, ""original_status"": ""Comprado""}"
xlsx-25-05-26-r0175,175,06,SETOR 6,,2025-09-02,,,ANCO BLAST Equipamentos,Câmara de trabalho em chapa de aço carbono,1.0,396880.0,BRASIL,Orçamento não Aprovado,OPERACIONAL,,Melhorias base STEP 25-05-26.xlsx,"{""source_sheet"": ""Custos x Execução"", ""source_row"": 175, ""original_status"": ""Orçamento não Apravado""}"
xlsx-25-05-26-r0176,176,06,SETOR 6,,2025-09-03,,,ANCO BLAST Equipamentos,Revestimento interno da câmara de trabalho,1.0,48667.0,BRASIL,Orçamento não Aprovado,OPERACIONAL,,Melhorias base STEP 25-05-26.xlsx,"{""source_sheet"": ""Custos x Execução"", ""source_row"": 176, ""original_status"": ""Orçamento não Apravado""}"
xlsx-25-05-26-r0177,177,06,SETOR 6,,2025-09-04,,,ANCO BLAST Equipamentos,Portas e batentes de fixação,1.0,66960.0,BRASIL,Orçamento não Aprovado,OPERACIONAL,,Melhorias base STEP 25-05-26.xlsx,"{""source_sheet"": ""Custos x Execução"", ""source_row"": 177, ""original_status"": ""Orçamento não Apravado""}"
xlsx-25-05-26-r0178,178,06,SETOR 6,,2025-09-05,,,ANCO BLAST Equipamentos,Luminárias para câmara de trabalho (21 unidades),21.0,47481.0,BRASIL,Orçamento não Aprovado,ELÉTRICA,,Melhorias base STEP 25-05-26.xlsx,"{""source_sheet"": ""Custos x Execução"", ""source_row"": 178, ""original_status"": ""Orçamento não Apravado""}"
xlsx-25-05-26-r0179,179,06,SETOR 6,,2025-09-06,,,ANCO BLAST Equipamentos,Sistema transportador vertical – elevador de canecas 6030,1.0,56325.0,BRASIL,Orçamento não Aprovado,OPERACIONAL,,Melhorias base STEP 25-05-26.xlsx,"{""source_sheet"": ""Custos x Execução"", ""source_row"": 179, ""original_status"": ""Orçamento não Apravado""}"
xlsx-25-05-26-r0180,180,06,SETOR 6,,2025-09-07,,,ANCO BLAST Equipamentos,Separador de abrasivos,1.0,30427.0,BRASIL,Orçamento não Aprovado,OPERACIONAL,,Melhorias base STEP 25-05-26.xlsx,"{""source_sheet"": ""Custos x Execução"", ""source_row"": 180, ""original_status"": ""Orçamento não Apravado""}"
xlsx-25-05-26-r0181,181,06,SETOR 6,,2025-09-08,,,ANCO BLAST Equipamentos,Cavalete,1.0,7061.0,BRASIL,Orçamento não Aprovado,OPERACIONAL,,Melhorias base STEP 25-05-26.xlsx,"{""source_sheet"": ""Custos x Execução"", ""source_row"": 181, ""original_status"": ""Orçamento não Apravado""}"
xlsx-25-05-26-r0182,182,06,SETOR 6,,2025-09-09,,,ANCO BLAST Equipamentos,Silos de armazenagem 150 litros cada (02 unidades),2.0,8130.0,BRASIL,Orçamento não Aprovado,OPERACIONAL,,Melhorias base STEP 25-05-26.xlsx,"{""source_sheet"": ""Custos x Execução"", ""source_row"": 182, ""original_status"": ""Orçamento não Apravado""}"
xlsx-25-05-26-r0183,183,06,SETOR 6,,2025-09-10,,,ANCO BLAST Equipamentos,Máquinas de jato com acessórios e E.P.I (02 unidades),2.0,78538.0,BRASIL,Orçamento não Aprovado,OPERACIONAL,,Melhorias base STEP 25-05-26.xlsx,"{""source_sheet"": ""Custos x Execução"", ""source_row"": 183, ""original_status"": ""Orçamento não Apravado""}"
xlsx-25-05-26-r0184,184,06,SETOR 6,,2025-09-11,,,ANCO BLAST Equipamentos,Quadro elétrico e de comando,1.0,48246.0,BRASIL,Orçamento não Aprovado,ELÉTRICA,,Melhorias base STEP 25-05-26.xlsx,"{""source_sheet"": ""Custos x Execução"", ""source_row"": 184, ""original_status"": ""Orçamento não Apravado""}"
xlsx-25-05-26-r0185,185,06,SETOR 6,,2025-09-12,,,ANCO BLAST Equipamentos,Vagoneta de movimentação peças,1.0,59530.0,BRASIL,Orçamento não Aprovado,OPERACIONAL,,Melhorias base STEP 25-05-26.xlsx,"{""source_sheet"": ""Custos x Execução"", ""source_row"": 185, ""original_status"": ""Orçamento não Apravado""}"
xlsx-25-05-26-r0186,186,06,SETOR 6,41869,2026-02-12,42517,2026-02-24,FORT CONSTRUCOES COMERCIO E SERVICOS LTDA,AMPLIAÇÃO DA CABINE DE JATO,1.0,25000.0,BRASIL,Comprado,OPERACIONAL,,Melhorias base STEP 25-05-26.xlsx,"{""source_sheet"": ""Custos x Execução"", ""source_row"": 186, ""original_status"": ""Comprado""}"
xlsx-25-05-26-r0187,187,06,SETOR 6,,2026-09-02,,,ANCO BLAST Equipamentos - opção 1,Sistema transportador vertical – elevador de canecas 6630,1.0,62108.0,BRASIL,Orçamento não Aprovado,OPERACIONAL,,Melhorias base STEP 25-05-26.xlsx,"{""source_sheet"": ""Custos x Execução"", ""source_row"": 187, ""original_status"": ""Orçamento não Apravado""}"
xlsx-25-05-26-r0188,188,06,SETOR 6,,2026-09-02,,,ANCO BLAST Equipamentos - opção 1,Separador de abrasivos,1.0,31948.0,BRASIL,Orçamento não Aprovado,OPERACIONAL,,Melhorias base STEP 25-05-26.xlsx,"{""source_sheet"": ""Custos x Execução"", ""source_row"": 188, ""original_status"": ""Orçamento não Apravado""}"
xlsx-25-05-26-r0189,189,06,SETOR 6,,2026-09-02,,,ANCO BLAST Equipamentos - opção 1,Cavalete,1.0,7414.0,BRASIL,Orçamento não Aprovado,OPERACIONAL,,Melhorias base STEP 25-05-26.xlsx,"{""source_sheet"": ""Custos x Execução"", ""source_row"": 189, ""original_status"": ""Orçamento não Apravado""}"
xlsx-25-05-26-r0190,190,06,SETOR 6,,2026-09-02,,,ANCO BLAST Equipamentos - opção 1,Silos de armazenagem 150 litros cada (02 unidades),2.0,8536.0,BRASIL,Orçamento não Aprovado,OPERACIONAL,,Melhorias base STEP 25-05-26.xlsx,"{""source_sheet"": ""Custos x Execução"", ""source_row"": 190, ""original_status"": ""Orçamento não Apravado""}"
xlsx-25-05-26-r0191,191,06,SETOR 6,,2026-09-02,,,ANCO BLAST Equipamentos - opção 1,Máquinas de jato com acessórios e E.P.I (02 unidades),2.0,82465.0,BRASIL,Orçamento não Aprovado,OPERACIONAL,,Melhorias base STEP 25-05-26.xlsx,"{""source_sheet"": ""Custos x Execução"", ""source_row"": 191, ""original_status"": ""Orçamento não Apravado""}"
xlsx-25-05-26-r0192,192,06,SETOR 6,,2026-09-02,,,ANCO BLAST Equipamentos - opção 1,Coletor de pó DC 02 com exaustor,1.0,39657.0,BRASIL,Orçamento não Aprovado,OPERACIONAL,,Melhorias base STEP 25-05-26.xlsx,"{""source_sheet"": ""Custos x Execução"", ""source_row"": 192, ""original_status"": ""Orçamento não Apravado""}"
xlsx-25-05-26-r0193,193,06,SETOR 6,,2026-09-02,,,ANCO BLAST Equipamentos - opção 1,Quadro elétrico e de comando,1.0,36078.0,BRASIL,Orçamento não Aprovado,ELÉTRICA,,Melhorias base STEP 25-05-26.xlsx,"{""source_sheet"": ""Custos x Execução"", ""source_row"": 193, ""original_status"": ""Orçamento não Apravado""}"
xlsx-25-05-26-r0194,194,06,SETOR 6,,2026-09-02,,,ANCO BLAST Equipamentos - opção 2,Sistema transportador vertical – elevador de canecas 7030,1.0,64544.0,BRASIL,Orçamento não Aprovado,OPERACIONAL,,Melhorias base STEP 25-05-26.xlsx,"{""source_sheet"": ""Custos x Execução"", ""source_row"": 194, ""original_status"": ""Orçamento não Apravado""}"
xlsx-25-05-26-r0195,195,06,SETOR 6,,2026-09-02,,,ANCO BLAST Equipamentos - opção 2,Separador de abrasivos,1.0,31948.0,BRASIL,Orçamento não Aprovado,OPERACIONAL,,Melhorias base STEP 25-05-26.xlsx,"{""source_sheet"": ""Custos x Execução"", ""source_row"": 195, ""original_status"": ""Orçamento não Apravado""}"
xlsx-25-05-26-r0196,196,06,SETOR 6,,2026-09-02,,,ANCO BLAST Equipamentos - opção 2,Cavalete com silo 800 litros,1.0,35484.0,BRASIL,Orçamento não Aprovado,OPERACIONAL,,Melhorias base STEP 25-05-26.xlsx,"{""source_sheet"": ""Custos x Execução"", ""source_row"": 196, ""original_status"": ""Orçamento não Apravado""}"
xlsx-25-05-26-r0197,197,06,SETOR 6,,2026-09-02,,,ANCO BLAST Equipamentos - opção 2,Silos de armazenagem 150 litros cada (02 unidades),2.0,8536.0,BRASIL,Orçamento não Aprovado,OPERACIONAL,,Melhorias base STEP 25-05-26.xlsx,"{""source_sheet"": ""Custos x Execução"", ""source_row"": 197, ""original_status"": ""Orçamento não Apravado""}"
xlsx-25-05-26-r0198,198,06,SETOR 6,,2026-09-02,,,ANCO BLAST Equipamentos - opção 2,Máquinas de jato com acessórios e E.P.I (02 unidades),2.0,82465.0,BRASIL,Orçamento não Aprovado,OPERACIONAL,,Melhorias base STEP 25-05-26.xlsx,"{""source_sheet"": ""Custos x Execução"", ""source_row"": 198, ""original_status"": ""Orçamento não Apravado""}"
xlsx-25-05-26-r0199,199,06,SETOR 6,,2026-09-02,,,ANCO BLAST Equipamentos - opção 2,Coletor de pó DC 02 com exaustor,1.0,39657.0,BRASIL,Orçamento não Aprovado,OPERACIONAL,,Melhorias base STEP 25-05-26.xlsx,"{""source_sheet"": ""Custos x Execução"", ""source_row"": 199, ""original_status"": ""Orçamento não Apravado""}"
xlsx-25-05-26-r0200,200,06,SETOR 6,,2026-09-02,,,ANCO BLAST Equipamentos - opção 2,Quadro elétrico e de comando,1.0,36078.0,BRASIL,Orçamento não Aprovado,ELÉTRICA,,Melhorias base STEP 25-05-26.xlsx,"{""source_sheet"": ""Custos x Execução"", ""source_row"": 200, ""original_status"": ""Orçamento não Apravado""}"
xlsx-25-05-26-r0201,201,07,SETOR 7,,,,,SORDI,FORNECIMENTO DE MÃO DE OBRA E EQUIPAMENTOS PARA EXECUÇÃO DE PROJETO ESTRUTURAL DE PÓRTICO,1.0,13915.66,BRASIL,Cancelado,PROJETO,,Melhorias base STEP 25-05-26.xlsx,"{""source_sheet"": ""Custos x Execução"", ""source_row"": 201, ""original_status"": ""Cancelado""}"
xlsx-25-05-26-r0202,202,07A,SETOR 7A,,,,,AWC SOL ENGENHARIA,GALPÃO PRÉ-MOLDADOS - ESTRUTURA (GALPÃO),1.0,148500.0,BRASIL,Cancelado,ESTRUTURAL,,Melhorias base STEP 25-05-26.xlsx,"{""source_sheet"": ""Custos x Execução"", ""source_row"": 202, ""original_status"": ""Cancelado""}"
xlsx-25-05-26-r0203,203,07A,SETOR 7A,,,,,AWC SOL ENGENHARIA,GALPÃO PRÉ-MOLDADOS - TELHA,1.0,15282.42,BRASIL,Cancelado,ESTRUTURAL,,Melhorias base STEP 25-05-26.xlsx,"{""source_sheet"": ""Custos x Execução"", ""source_row"": 203, ""original_status"": ""Cancelado""}"
xlsx-25-05-26-r0204,204,07A,SETOR 7A,,,,,AWC SOL ENGENHARIA,GALPÃO PRÉ-MOLDADOS - PAINÉIS DE FECHAMENTO,1.0,109200.0,BRASIL,Cancelado,ESTRUTURAL,,Melhorias base STEP 25-05-26.xlsx,"{""source_sheet"": ""Custos x Execução"", ""source_row"": 204, ""original_status"": ""Cancelado""}"
xlsx-25-05-26-r0205,205,07B,SETOR 7B,41850,2026-02-19,42692,2026-03-03,RIOS & CORTES LTDA,COLUNA DE FERRO 5/16 20X7,18.0,1782.0,BRASIL,Comprado,CIVIL,,Melhorias base STEP 25-05-26.xlsx,"{""source_sheet"": ""Custos x Execução"", ""source_row"": 205, ""original_status"": ""Comprado""}"
xlsx-25-05-26-r0206,206,07B,SETOR 7B,41850,2026-02-19,42692,2026-03-03,RIOS & CORTES LTDA,PEDRA BRITADA,3.0,597.0,BRASIL,Comprado,CIVIL,,Melhorias base STEP 25-05-26.xlsx,"{""source_sheet"": ""Custos x Execução"", ""source_row"": 206, ""original_status"": ""Comprado""}"
xlsx-25-05-26-r0207,207,07B,SETOR 7B,41850,2026-02-19,42699,2026-03-03,EDFER - COMERCIO DE FERRO E ACO LTDA,"PERFIL AC U SIMPLES 5"" 130 X 40 X 2,65 ESP",60.0,1937.9999999999998,BRASIL,Comprado,ESTRUTURAL,,Melhorias base STEP 25-05-26.xlsx,"{""source_sheet"": ""Custos x Execução"", ""source_row"": 207, ""original_status"": ""Comprado""}"
xlsx-25-05-26-r0208,208,07B,SETOR 7B,41850,2026-02-19,42693,2026-03-03,LAGOS TELHAS LTDA,"TELHA TRAPEZOIDAL GALVANIZADA 6 X 1,10 X 0,43M",15.0,4132.8,BRASIL,Comprado,ESTRUTURAL,,Melhorias base STEP 25-05-26.xlsx,"{""source_sheet"": ""Custos x Execução"", ""source_row"": 208, ""original_status"": ""Comprado""}"
xlsx-25-05-26-r0209,209,07B,SETOR 7B,41850,2026-02-19,42692,2026-03-03,RIOS & CORTES LTDA,RADIES 5/16 70X70,4.0,159.6,BRASIL,Comprado,CIVIL,,Melhorias base STEP 25-05-26.xlsx,"{""source_sheet"": ""Custos x Execução"", ""source_row"": 209, ""original_status"": ""Comprado""}"
xlsx-25-05-26-r0210,210,07B,SETOR 7B,41850,2026-02-19,42692,2026-03-03,RIOS & CORTES LTDA,MALHA 3.4 Q.61 15 X 15 3 X 2,15.0,1198.5,BRASIL,Comprado,CIVIL,,Melhorias base STEP 25-05-26.xlsx,"{""source_sheet"": ""Custos x Execução"", ""source_row"": 210, ""original_status"": ""Comprado""}"
xlsx-25-05-26-r0211,211,07B,SETOR 7B,41850,2026-02-19,,,,BETONEIRA 400L PRIME C/MOTOR MONO 2CV 220V 60HZ 4P C/KIT SEGURANCA BIVOLT,1.0,0.0,BRASIL,Em Orçamento,CIVIL,,Melhorias base STEP 25-05-26.xlsx,"{""source_sheet"": ""Custos x Execução"", ""source_row"": 211, ""original_status"": ""Em Orçamento""}"
xlsx-25-05-26-r0212,212,07B,SETOR 7B,41850,2026-02-19,42692,2026-03-03,RIOS & CORTES LTDA,SACO DE CIMENTO CPIII,25.0,997.5,BRASIL,Comprado,CIVIL,,Melhorias base STEP 25-05-26.xlsx,"{""source_sheet"": ""Custos x Execução"", ""source_row"": 212, ""original_status"": ""Comprado""}"
xlsx-25-05-26-r0213,213,07B,SETOR 7B,41850,2026-02-19,42692,2026-03-03,RIOS & CORTES LTDA,AREIA,4.0,596.0,BRASIL,Comprado,CIVIL,,Melhorias base STEP 25-05-26.xlsx,"{""source_sheet"": ""Custos x Execução"", ""source_row"": 213, ""original_status"": ""Comprado""}"
xlsx-25-05-26-r0214,214,07B,SETOR 7B,41850,2026-02-19,42692,2026-03-03,RIOS & CORTES LTDA,CARRINHO DE MAO,1.0,179.0,BRASIL,Comprado,CIVIL,,Melhorias base STEP 25-05-26.xlsx,"{""source_sheet"": ""Custos x Execução"", ""source_row"": 214, ""original_status"": ""Comprado""}"
xlsx-25-05-26-r0215,215,07C,SETOR 7C,,,,,ENTER,CONSTRUÇÃO DO LABORATORIO - OPÇÃO 1,1.0,38376.75,BRASIL,Em Orçamento,ESTRUTURAL,,Melhorias base STEP 25-05-26.xlsx,"{""source_sheet"": ""Custos x Execução"", ""source_row"": 215, ""original_status"": ""Em Orçamento""}"
xlsx-25-05-26-r0216,216,07C,SETOR 7C,,,,,ENTER,CONSTRUÇÃO DO LABORATORIO - OPÇÃO 2,1.0,40894.8,BRASIL,Em Orçamento,ESTRUTURAL,,Melhorias base STEP 25-05-26.xlsx,"{""source_sheet"": ""Custos x Execução"", ""source_row"": 216, ""original_status"": ""Em Orçamento""}"
xlsx-25-05-26-r0217,217,09,SETOR 9,,,,,DIAMETTRO,CONSTRUÇÃO DE SALA DE TREINAMENTO E SALA HSSE,1.0,192136.0,BRASIL,Orçamento não Aprovado,ESTRUTURAL,,Melhorias base STEP 25-05-26.xlsx,"{""source_sheet"": ""Custos x Execução"", ""source_row"": 217, ""original_status"": ""Orçamento não Apravado""}"
xlsx-25-05-26-r0218,218,09,SETOR 9,,,,,ENTER,CONSTRUÇÃO DE SALA DE TREINAMENTO E SALA HSSE,1.0,495386.0,BRASIL,Orçamento não Aprovado,ESTRUTURAL,,Melhorias base STEP 25-05-26.xlsx,"{""source_sheet"": ""Custos x Execução"", ""source_row"": 218, ""original_status"": ""Orçamento não Apravado""}"
xlsx-25-05-26-r0219,219,02,SETOR 2,,,,,COMPRA DE CABOS ELÉTRICOS PARA LIGAÇÃO DO PAINEL 380V,COMPRA DE CABOS ELÉTRICOS PARA LIGAÇÃO DO PAINEL 380V,0.0,0.0,BRASIL,Em Orçamento,ELÉTRICA,,Melhorias base STEP 25-05-26.xlsx,"{""source_sheet"": ""Custos x Execução"", ""source_row"": 219, ""original_status"": ""Em Orçamento""}"
xlsx-25-05-26-r0220,220,02,SETOR 2,,,42553,2026-02-24,COMPRA DE LUMINÁRIAS,COMPRA DE LUMINÁRIAS,0.0,600.0,BRASIL,Comprado,ELÉTRICA,,Melhorias base STEP 25-05-26.xlsx,"{""source_sheet"": ""Custos x Execução"", ""source_row"": 220, ""original_status"": ""Comprado""}"
xlsx-25-05-26-r0221,221,02,SETOR 2,,,,,COMPRA DE PAINÉIS ELÉTRICOS,COMPRA DE PAINÉIS ELÉTRICOS,0.0,0.0,BRASIL,Em Orçamento,ELÉTRICA,,Melhorias base STEP 25-05-26.xlsx,"{""source_sheet"": ""Custos x Execução"", ""source_row"": 221, ""original_status"": ""Em Orçamento""}"
xlsx-25-05-26-r0222,222,02,SETOR 2,,,,,COMPRA DE ELETROCALHAS,COMPRA DE ELETROCALHAS,0.0,0.0,BRASIL,Em Orçamento,ELÉTRICA,,Melhorias base STEP 25-05-26.xlsx,"{""source_sheet"": ""Custos x Execução"", ""source_row"": 222, ""original_status"": ""Em Orçamento""}"
xlsx-25-05-26-r0223,223,03,SETOR 3,,,,,COMPRA DE CABOS ELÉTRICOS,COMPRA DE CABOS ELÉTRICOS,1.0,0.0,BRASIL,Em Orçamento,ELÉTRICA,,Melhorias base STEP 25-05-26.xlsx,"{""source_sheet"": ""Custos x Execução"", ""source_row"": 223, ""original_status"": ""Em Orçamento""}"
xlsx-25-05-26-r0224,224,03,SETOR 3,,,,,PINTURA E DEMARCAÇÕES DA ÁREA,PINTURA E DEMARCAÇÕES DA ÁREA,0.0,0.0,BRASIL,Em Orçamento,ELÉTRICA,,Melhorias base STEP 25-05-26.xlsx,"{""source_sheet"": ""Custos x Execução"", ""source_row"": 224, ""original_status"": ""Em Orçamento""}"
xlsx-25-05-26-r0225,225,04,SETOR 4,,2025-12-18,42924,2026-03-12,HENAN ZHONGGONG GROUP.,PÓRTICO PORTÁTIL 2T - 5M – GANTRY CRANE,1.0,15756.179999999998,CHINA,Comprado,ESTRUTURAL,,Melhorias base STEP 25-05-26.xlsx,"{""source_sheet"": ""Custos x Execução"", ""source_row"": 225, ""original_status"": ""Comprado""}"
xlsx-25-05-26-r0226,226,04,SETOR 4,,2025-12-18,42924,2026-03-12,HENAN ZHONGGONG GROUP.,PÓRTICO PORTÁTIL 2T - 8M – GANTRY CRANE,2.0,55862.895000000004,CHINA,Comprado,ESTRUTURAL,,Melhorias base STEP 25-05-26.xlsx,"{""source_sheet"": ""Custos x Execução"", ""source_row"": 226, ""original_status"": ""Comprado""}"
xlsx-25-05-26-r0227,227,06,SETOR 6,,,,,METALCOATING,CABINE DE JATO,1.0,200000.0,BRASIL,Orçamento não Aprovado,ESTRUTURAL,,Melhorias base STEP 25-05-26.xlsx,"{""source_sheet"": ""Custos x Execução"", ""source_row"": 227, ""original_status"": ""Orçamento não Apravado""}"
xlsx-25-05-26-r0228,228,06,SETOR 6,,,,,METALCOATING,TROLLER,1.0,75000.0,BRASIL,Orçamento não Aprovado,ESTRUTURAL,,Melhorias base STEP 25-05-26.xlsx,"{""source_sheet"": ""Custos x Execução"", ""source_row"": 228, ""original_status"": ""Orçamento não Apravado""}"
xlsx-25-05-26-r0229,229,06,SETOR 6,,,,,METALCOATING,CAVALETES,0.0,20000.0,BRASIL,Orçamento não Aprovado,OPERACIONAL,,Melhorias base STEP 25-05-26.xlsx,"{""source_sheet"": ""Custos x Execução"", ""source_row"": 229, ""original_status"": ""Orçamento não Apravado""}"
xlsx-25-05-26-r0230,230,07C,SETOR 7C,,,,,METALCOATING,BOBCAT,1.0,30000.0,BRASIL,Orçamento não Aprovado,ESTRUTURAL,,Melhorias base STEP 25-05-26.xlsx,"{""source_sheet"": ""Custos x Execução"", ""source_row"": 230, ""original_status"": ""Orçamento não Apravado""}"
xlsx-25-05-26-r0231,231,07C,SETOR 7C,,,,,METALCOATING,LABORÁTORIO DE FBE | PULLOFF COMPLETO,1.0,400000.0,BRASIL,Orçamento não Aprovado,ESTRUTURAL,,Melhorias base STEP 25-05-26.xlsx,"{""source_sheet"": ""Custos x Execução"", ""source_row"": 231, ""original_status"": ""Orçamento não Apravado""}"
xlsx-25-05-26-r0232,232,06,SETOR 6,41908,2026-02-24,42593,2026-02-26,CENTRAL DE AÇO MACAE LTDA,"DOBRADIÇA GONZO 1""",6.0,101.4,BRASIL,Comprado,ESTRUTURAL,,Melhorias base STEP 25-05-26.xlsx,"{""source_sheet"": ""Custos x Execução"", ""source_row"": 232, ""original_status"": ""Comprado""}"
xlsx-25-05-26-r0233,233,06,SETOR 6,41908,2026-02-24,42594,2026-02-26,EDFER - COMERCIO DE FERRO E ACO LTDA,METALON DW 40 X 40 (CHAPA 18),48.0,705.6,BRASIL,Comprado,ESTRUTURAL,,Melhorias base STEP 25-05-26.xlsx,"{""source_sheet"": ""Custos x Execução"", ""source_row"": 233, ""original_status"": ""Comprado""}"
xlsx-25-05-26-r0234,234,06,SETOR 6,41908,2026-02-24,42594,2026-02-26,EDFER - COMERCIO DE FERRO E ACO LTDA,"CHAPA DE AÇO LISA 2,65 MM X 1200 MM X 3000 MM",3010.82,21015.52,BRASIL,Comprado,ESTRUTURAL,,Melhorias base STEP 25-05-26.xlsx,"{""source_sheet"": ""Custos x Execução"", ""source_row"": 234, ""original_status"": ""Comprado""}"
xlsx-25-05-26-r0235,235,06,SETOR 6,41908,2026-02-24,42594,2026-02-26,EDFER - COMERCIO DE FERRO E ACO LTDA,"CANTONEIRA DE FERRO 2"" (50,8 X 50,8 X 1/4"")",60.0,2059.2,BRASIL,Comprado,ESTRUTURAL,,Melhorias base STEP 25-05-26.xlsx,"{""source_sheet"": ""Custos x Execução"", ""source_row"": 235, ""original_status"": ""Comprado""}"
xlsx-25-05-26-r0236,236,15,SETOR 15,41908,2026-02-24,42594,2026-02-26,EDFER - COMERCIO DE FERRO E ACO LTDA,"BARRA CHATA 2 1/2"" X 1/4""",12.0,218.88,BRASIL,Comprado,ESTRUTURAL,,Melhorias base STEP 25-05-26.xlsx,"{""source_sheet"": ""Custos x Execução"", ""source_row"": 236, ""original_status"": ""Comprado""}"
xlsx-25-05-26-r0237,237,07B,SETOR 7B,41934,2026-02-26,42608,2026-02-27,G5 EQUIPAMENTOS E CONSTRUCAO LTDA,LOCAÇÃO - COMPACTADORA DE SOLO,1.0,580.0,BRASIL,Comprado,ESTRUTURAL,,Melhorias base STEP 25-05-26.xlsx,"{""source_sheet"": ""Custos x Execução"", ""source_row"": 237, ""original_status"": ""Comprado""}"
xlsx-25-05-26-r0238,238,14,SETOR 14,41832,2026-02-12,42524,2026-02-24,EDFER - COMERCIO DE FERRO E ACO LTDA,"PERFIL AC U SIMPLES 5"" 130 X 40 X 2,65 ESP",90.0,2907.0,BRASIL,Comprado,ESTRUTURAL,,Melhorias base STEP 25-05-26.xlsx,"{""source_sheet"": ""Custos x Execução"", ""source_row"": 238, ""original_status"": ""Comprado""}"
xlsx-25-05-26-r0239,239,14,SETOR 14,41832,2026-02-12,42524,2026-02-24,EDFER - COMERCIO DE FERRO E ACO LTDA,FERRO U 6 ENRIJECIDO 150X60 CH 2.65,156.0,6542.64,BRASIL,Comprado,ESTRUTURAL,,Melhorias base STEP 25-05-26.xlsx,"{""source_sheet"": ""Custos x Execução"", ""source_row"": 239, ""original_status"": ""Comprado""}"
xlsx-25-05-26-r0240,240,14,SETOR 14,41832,2026-02-12,42524,2026-02-24,EDFER - COMERCIO DE FERRO E ACO LTDA,"PERFIL AC U SIMPLES 100 X 40 X 2,65 ESP",48.0,1169.76,BRASIL,Comprado,ESTRUTURAL,,Melhorias base STEP 25-05-26.xlsx,"{""source_sheet"": ""Custos x Execução"", ""source_row"": 240, ""original_status"": ""Comprado""}"
xlsx-25-05-26-r0241,241,02,SETOR 2,41797,2026-02-12,042717,2026-03-04,RIOS & CORTES LTDA,PEDRA BRITADA,3.0,597.0,BRASIL,Comprado,CIVIL,,Melhorias base STEP 25-05-26.xlsx,"{""source_sheet"": ""Custos x Execução"", ""source_row"": 241, ""original_status"": ""Comprado""}"
xlsx-25-05-26-r0242,242,02,SETOR 2,41797,2026-02-12,042717,2026-03-04,RIOS & CORTES LTDA,"VERGALHAO CA 50 5/16""",40.0,1916.0,BRASIL,Comprado,CIVIL,,Melhorias base STEP 25-05-26.xlsx,"{""source_sheet"": ""Custos x Execução"", ""source_row"": 242, ""original_status"": ""Comprado""}"
xlsx-25-05-26-r0243,243,02,SETOR 2,41797,2026-02-12,042717,2026-03-04,RIOS & CORTES LTDA,AREIA,1.0,150.0,BRASIL,Comprado,ESTRUTURAL,,Melhorias base STEP 25-05-26.xlsx,"{""source_sheet"": ""Custos x Execução"", ""source_row"": 243, ""original_status"": ""Comprado""}"
xlsx-25-05-26-r0244,244,02,SETOR 2,41797,2026-02-12,042717,2026-03-04,RIOS & CORTES LTDA,SACO DE CIMENTO CPIII,10.0,399.0,BRASIL,Comprado,CIVIL,,Melhorias base STEP 25-05-26.xlsx,"{""source_sheet"": ""Custos x Execução"", ""source_row"": 244, ""original_status"": ""Comprado""}"
xlsx-25-05-26-r0245,245,02,SETOR 2,41797,2026-02-12,042717,2026-03-04,RIOS & CORTES LTDA,BLOCO DE CIMENTO 10X20X40,100.0,390.0,BRASIL,Comprado,CIVIL,,Melhorias base STEP 25-05-26.xlsx,"{""source_sheet"": ""Custos x Execução"", ""source_row"": 245, ""original_status"": ""Comprado""}"
xlsx-25-05-26-r0246,246,14,SETOR 14,41792,2026-02-12,42449,2026-02-15,RAFIL SUPRIMENTOS OFFSHORE LTDA,"PARAFUSO SEXTAVADO AUTOBROCANTE 12X4 ROSCA DUPLA 10,2CM",1000.0,2200.0,BRASIL,Comprado,ESTRUTURAL,,Melhorias base STEP 25-05-26.xlsx,"{""source_sheet"": ""Custos x Execução"", ""source_row"": 246, ""original_status"": ""Comprado""}"
xlsx-25-05-26-r0247,247,14,SETOR 14,41792,2026-02-12,42450,2026-02-15,LAGOS TELHAS LTDA,TELHAS SANDUICHE H=100MM,168.0,20143.2,BRASIL,Comprado,ESTRUTURAL,,Melhorias base STEP 25-05-26.xlsx,"{""source_sheet"": ""Custos x Execução"", ""source_row"": 247, ""original_status"": ""Comprado""}"
xlsx-25-05-26-r0248,248,14,SETOR 14,41792,2026-02-12,42449,2026-02-15,RAFIL SUPRIMENTOS OFFSHORE LTDA,FITA ANTICORROSIVA 100MM X 30M PRETA,5.0,1245.0,BRASIL,Comprado,OPERACIONAL,,Melhorias base STEP 25-05-26.xlsx,"{""source_sheet"": ""Custos x Execução"", ""source_row"": 248, ""original_status"": ""Comprado""}"
xlsx-25-05-26-r0249,249,02,SETOR 2,41741,2026-02-10,42350,2026-02-10,COMERCIAL OFFSHORE MACAE PARAFUSOS E FERRAMENTAS,PARAFUSO GALVANIZADO PARA TELHAS CABEÇA 8 MM X 20 MM,1000.0,340.0,BRASIL,Comprado,ESTRUTURAL,,Melhorias base STEP 25-05-26.xlsx,"{""source_sheet"": ""Custos x Execução"", ""source_row"": 249, ""original_status"": ""Comprado""}"
xlsx-25-05-26-r0250,250,02,SETOR 2,41741,2026-02-10,42350,2026-02-10,COMERCIAL OFFSHORE MACAE PARAFUSOS E FERRAMENTAS,PARAFUSO GALVANIZADO PARA TELHAS CABEÇA 8 MM X 20 MM,200.0,64.0,BRASIL,Comprado,ESTRUTURAL,,Melhorias base STEP 25-05-26.xlsx,"{""source_sheet"": ""Custos x Execução"", ""source_row"": 250, ""original_status"": ""Comprado""}"
xlsx-25-05-26-r0251,251,03,SETOR 3,41705,2026-02-09,42397,2026-02-12,SOLDA BRASIL,CAVALETE DE TUBOS CABEÇA EM V REF. 781300,40.0,38920.0,BRASIL,Comprado,OPERACIONAL,,Melhorias base STEP 25-05-26.xlsx,"{""source_sheet"": ""Custos x Execução"", ""source_row"": 251, ""original_status"": ""Comprado""}"
xlsx-25-05-26-r0252,252,03,SETOR 3,41642,2026-02-04,42276,2026-02-05,LAGOS TELHAS LTDA,TELHAS SANDUICHE H=100MM,102.4,12687.36,BRASIL,Comprado,ESTRUTURAL,,Melhorias base STEP 25-05-26.xlsx,"{""source_sheet"": ""Custos x Execução"", ""source_row"": 252, ""original_status"": ""Comprado""}"
xlsx-25-05-26-r0253,253,03,SETOR 3,41532,2026-01-28,42113,2026-01-28,EDFER - COMERCIO DE FERRO E ACO LTDA,FERRO U 6 ENRIJECIDO 150X60 CH 2.65,78.0,3751.8,BRASIL,Comprado,ESTRUTURAL,,Melhorias base STEP 25-05-26.xlsx,"{""source_sheet"": ""Custos x Execução"", ""source_row"": 253, ""original_status"": ""Comprado""}"
xlsx-25-05-26-r0254,254,03,SETOR 3,41273,2026-01-12,42141,2026-01-29,RAFIL SUPRIMENTOS OFFSHORE LTDA,"PARAFUSO SEXTAVADO AUTOBROCANTE 12X4 ROSCA DUPLA 10,2CM",1800.0,3960.0,BRASIL,Comprado,ESTRUTURAL,,Melhorias base STEP 25-05-26.xlsx,"{""source_sheet"": ""Custos x Execução"", ""source_row"": 254, ""original_status"": ""Comprado""}"
xlsx-25-05-26-r0255,255,15,SETOR 15,29970,2026-03-30,43409,2026-03-31,FORT CONSTRUCOES COMERCIO E SERVICOS LTDA,AUMENTAR DIVISORIA NO ESTOQUE,1.0,1000.0,BRASIL,Comprado,ESTRUTURAL,,Melhorias base STEP 25-05-26.xlsx,"{""source_sheet"": ""Custos x Execução"", ""source_row"": 255, ""original_status"": ""Comprado""}"
xlsx-25-05-26-r0256,256,15,SETOR 15,29970,2026-03-30,43409,2026-03-31,FORT CONSTRUCOES COMERCIO E SERVICOS LTDA,FABRICAÇÃO E INSTALAÇÃO DE 1 PRATELEIRA NO ESTOQUE,1.0,8250.0,BRASIL,Comprado,ESTRUTURAL,,Melhorias base STEP 25-05-26.xlsx,"{""source_sheet"": ""Custos x Execução"", ""source_row"": 256, ""original_status"": ""Comprado""}"
xlsx-25-05-26-r0257,257,03,SETOR 3,29851,2026-03-04,42923,2026-03-12,RAFIL SUPRIMENTOS OFFSHORE LTDA,TELHAS TRANSLUCIDAS DE POLIPROPILENO TRAPÉZIO,42.0,6022.87,BRASIL,Comprado,ESTRUTURAL,,Melhorias base STEP 25-05-26.xlsx,"{""source_sheet"": ""Custos x Execução"", ""source_row"": 257, ""original_status"": ""Comprado""}"
xlsx-25-05-26-r0258,258,03,SETOR 3,42084,2026-03-11,42926,2026-03-12,RAFIL SUPRIMENTOS OFFSHORE LTDA,LUMINÁRIA DE LED 400W HIGHBAY,50.0,9604.0,BRASIL,Em Orçamento,ESTRUTURAL,,Melhorias base STEP 25-05-26.xlsx,"{""source_sheet"": ""Custos x Execução"", ""source_row"": 258, ""original_status"": ""Em Orçamento""}"
xlsx-25-05-26-r0259,259,15,SETOR 15,29970,2026-03-30,43409,2026-03-12,FORT CONSTRUCOES COMERCIO E SERVICOS LTDA,CONFECCIONAR MAIS 6 DIVISORIAS E 1 PRATELEIRAS,2.0,9250.0,BRASIL,Comprado,ESTRUTURAL,,Melhorias base STEP 25-05-26.xlsx,"{""source_sheet"": ""Custos x Execução"", ""source_row"": 259, ""original_status"": ""Comprado""}"
xlsx-25-05-26-r0260,260,03,SETOR 3,42183,2026-03-16,43086,2026-03-19,MADEIREIRA OLIGRAN DE MACAE LTDA,"COMPENSADO NAVAL 2,20 COMP. X 1,60M LARG. X 20 MM",30.0,8991.0,BRASIL,Comprado,ESTRUTURAL,,Melhorias base STEP 25-05-26.xlsx,"{""source_sheet"": ""Custos x Execução"", ""source_row"": 260, ""original_status"": ""Comprado""}"
xlsx-25-05-26-r0261,261,03,SETOR 3,42183,2026-03-16,43087,2026-03-19,EDFER - COMERCIO DE FERRO E ACO LTDA,"BARRA CHATA 2"" X 1/4"" ESP. A36",72.0,1303.92,BRASIL,Comprado,ESTRUTURAL,,Melhorias base STEP 25-05-26.xlsx,"{""source_sheet"": ""Custos x Execução"", ""source_row"": 261, ""original_status"": ""Comprado""}"
xlsx-25-05-26-r0262,262,03,SETOR 3,42183,2026-03-16,43087,2026-03-19,EDFER - COMERCIO DE FERRO E ACO LTDA,"CANTONEIRA ABAS IGUAIS 2"" X 2"" X 1/4"" ESP. A36",402.0,13700.16,BRASIL,Comprado,ESTRUTURAL,,Melhorias base STEP 25-05-26.xlsx,"{""source_sheet"": ""Custos x Execução"", ""source_row"": 262, ""original_status"": ""Comprado""}"
xlsx-25-05-26-r0263,263,03,SETOR 3,42137,2026-03-16,43000,2026-03-19,EDFER - COMERCIO DE FERRO E ACO LTDA,"METALON 60MM X 60MM X 3,2MM",192.0,15866.88,BRASIL,Comprado,ESTRUTURAL,,Melhorias base STEP 25-05-26.xlsx,"{""source_sheet"": ""Custos x Execução"", ""source_row"": 263, ""original_status"": ""Comprado""}"
xlsx-25-05-26-r0264,264,03,SETOR 3,,,42708,2026-03-11,EDFER - COMERCIO DE FERRO E ACO LTDA,"PERFIL AC U SIMPLES 5"" 130 X 40 X 2,65 ESP",60.0,1938.0,BRASIL,Comprado,ESTRUTURAL,,Melhorias base STEP 25-05-26.xlsx,"{""source_sheet"": ""Custos x Execução"", ""source_row"": 264, ""original_status"": ""Comprado""}"
xlsx-25-05-26-r0265,265,03,SETOR 3,,,,,CONUTWAY,ELECTRICAL CABLES,1.0,257204.98,CHINA,Orçamento não Aprovado,ELÉTRICA,,Melhorias base STEP 25-05-26.xlsx,"{""source_sheet"": ""Custos x Execução"", ""source_row"": 265, ""original_status"": ""Orçamento não Apravado""}"
xlsx-25-05-26-r0266,266,04,SETOR 4,,,,,PARAGUASSU PROJETOS,AVALIAÇAO E CALCULO ESTRUTURAL PONTE,1.0,9000.0,BRASIL,Em Orçamento,ESTRUTURAL,,Melhorias base STEP 25-05-26.xlsx,"{""source_sheet"": ""Custos x Execução"", ""source_row"": 266, ""original_status"": ""Em Orçamento""}"
xlsx-25-05-26-r0267,267,06,SETOR 6,,,,,PARAGUASSU PROJETOS,AVALIAÇAO E CALCULO ESTRUTURAL MONORAIL,1.0,3600.0,BRASIL,Em Orçamento,ESTRUTURAL,,Melhorias base STEP 25-05-26.xlsx,"{""source_sheet"": ""Custos x Execução"", ""source_row"": 267, ""original_status"": ""Em Orçamento""}"
xlsx-25-05-26-r0268,268,06,SETOR 6,030065,,43604,2026-04-09,PARAGUASSU PROJETOS,AVALIAÇAO E CALCULO ESTRUTURAL GALPÃO DE PINTURA,1.0,3200.0,BRASIL,Comprado,ESTRUTURAL,,Melhorias base STEP 25-05-26.xlsx,"{""source_sheet"": ""Custos x Execução"", ""source_row"": 268, ""original_status"": ""Comprado""}"
xlsx-25-05-26-r0269,269,07A,SETOR 7A,,,,,PARAGUASSU PROJETOS,AVALIAÇAO E CALCULO ESTRUTURAL PISO DO GALPÃO,1.0,2000.0,BRASIL,Em Orçamento,ESTRUTURAL,,Melhorias base STEP 25-05-26.xlsx,"{""source_sheet"": ""Custos x Execução"", ""source_row"": 269, ""original_status"": ""Em Orçamento""}"
xlsx-25-05-26-r0270,270,01,SETOR 1,,,,,PARAGUASSU PROJETOS,AVALIAÇAO E CALCULO ESTRUTURAL GALPÃP DE ARMAZENAMENTO,1.0,2200.0,BRASIL,Em Orçamento,ESTRUTURAL,,Melhorias base STEP 25-05-26.xlsx,"{""source_sheet"": ""Custos x Execução"", ""source_row"": 270, ""original_status"": ""Em Orçamento""}"
xlsx-25-05-26-r0271,271,06,SETOR 6,,,,,SHANDONG KAITAI,MECHANICAL SAND RECOVERY SYSTEM - SISTEMA DE JATO - VER_0,1.0,66907.5,CHINA,Em Orçamento,OPERACIONAL,,Melhorias base STEP 25-05-26.xlsx,"{""source_sheet"": ""Custos x Execução"", ""source_row"": 271, ""original_status"": ""Em Orçamento""}"
xlsx-25-05-26-r0272,272,06,SETOR 6,,,43932,2026-04-27,SHANDONG KAITAI,MECHANICAL SAND RECOVERY SYSTEM - SISTEMA DE JATO - VER_1,1.0,124306.875,CHINA,Comprado,OPERACIONAL,,Melhorias base STEP 25-05-26.xlsx,"{""source_sheet"": ""Custos x Execução"", ""source_row"": 272, ""original_status"": ""Comprado""}"
xlsx-25-05-26-r0273,273,06,SETOR 6,030225,2026-04-10,43629,2026-04-13,HENAN ZHONGGONG GROUP.,Trackless Transfer Cart DWP-2T - Plataforma eletrica,3.0,91426.5,CHINA,Comprado,OPERACIONAL,,Melhorias base STEP 25-05-26.xlsx,"{""source_sheet"": ""Custos x Execução"", ""source_row"": 273, ""original_status"": ""Comprado""}"
xlsx-25-05-26-r0274,274,06,SETOR 6,,,,2026-04-13,HENAN ZHONGGONG GROUP.,Trackless Transfer Cart DWP-10T - Plataforma eletrica,1.0,56157.75,CHINA,Orçamento não Aprovado,OPERACIONAL,,Melhorias base STEP 25-05-26.xlsx,"{""source_sheet"": ""Custos x Execução"", ""source_row"": 274, ""original_status"": ""Orçamento não Apravado""}"
xlsx-25-05-26-r0275,275,06,SETOR 6,030310,2026-04-10,43652,2026-04-13,EDFER - COMERCIO DE FERRO E ACO LTDA,"CANTONEIRA ABAS IGUAIS 2"" X 2"" X 1/4"" ESP. A36",108.0,3930.12,BRASIL,Comprado,ESTRUTURAL,,Melhorias base STEP 25-05-26.xlsx,"{""source_sheet"": ""Custos x Execução"", ""source_row"": 275, ""original_status"": ""Comprado""}"
xlsx-25-05-26-r0276,276,15,SETOR 15,030310,2026-04-10,43652,2026-04-13,EDFER - COMERCIO DE FERRO E ACO LTDA,"BARRA CHATA 2"" X 1/4"" ESP. A36",36.0,695.88,BRASIL,Comprado,ESTRUTURAL,,Melhorias base STEP 25-05-26.xlsx,"{""source_sheet"": ""Custos x Execução"", ""source_row"": 276, ""original_status"": ""Comprado""}"
xlsx-25-05-26-r0277,277,15,SETOR 15,030272,2026-04-10,43646,2026-04-13,EDFER - COMERCIO DE FERRO E ACO LTDA,"PERFIL AC U SIMPLES 100 X 40 X 2,65 ESP",96.0,2476.8,BRASIL,Comprado,ESTRUTURAL,,Melhorias base STEP 25-05-26.xlsx,"{""source_sheet"": ""Custos x Execução"", ""source_row"": 277, ""original_status"": ""Comprado""}"
xlsx-25-05-26-r0278,278,07A,SETOR 7A,030272,2026-04-10,43646,2026-04-13,EDFER - COMERCIO DE FERRO E ACO LTDA,PERFIL AC UDC ENRIJECIDO 75 X 40 X 15 X 2MM ESP,252.0,4838.4,BRASIL,Comprado,ESTRUTURAL,,Melhorias base STEP 25-05-26.xlsx,"{""source_sheet"": ""Custos x Execução"", ""source_row"": 278, ""original_status"": ""Comprado""}"
xlsx-25-05-26-r0279,279,07A,SETOR 7A,030272,2026-04-10,43646,2026-04-13,EDFER - COMERCIO DE FERRO E ACO LTDA,"PERFIL W150 X 22,50 KG/M ASTM A36 GR.B",24.0,4806.0,BRASIL,Comprado,ESTRUTURAL,,Melhorias base STEP 25-05-26.xlsx,"{""source_sheet"": ""Custos x Execução"", ""source_row"": 279, ""original_status"": ""Comprado""}"
xlsx-25-05-26-r0280,280,07A,SETOR 7A,030272,2026-04-10,43646,2026-04-13,EDFER - COMERCIO DE FERRO E ACO LTDA,"PERFIL U - 92MM X 30MM X 2,25MM - A36",120.0,2016.0,BRASIL,Comprado,ESTRUTURAL,,Melhorias base STEP 25-05-26.xlsx,"{""source_sheet"": ""Custos x Execução"", ""source_row"": 280, ""original_status"": ""Comprado""}"
xlsx-25-05-26-r0281,281,07A,SETOR 7A,030270,2026-04-10,43649,2026-04-13,EDFER - COMERCIO DE FERRO E ACO LTDA,"CANTONEIRA ABAS IGUAIS 2"" X 2"" X 1/4"" ESP. A36",18.0,622.08,BRASIL,Comprado,ESTRUTURAL,,Melhorias base STEP 25-05-26.xlsx,"{""source_sheet"": ""Custos x Execução"", ""source_row"": 281, ""original_status"": ""Comprado""}"
xlsx-25-05-26-r0282,282,06,SETOR 6,030270,2026-04-10,43649,2026-04-13,EDFER - COMERCIO DE FERRO E ACO LTDA,"CANTONEIRA ABAS IGUAIS 2 1/2"" X 2 1/2"" X 3/16"" ESP. A36",36.0,1188.0,BRASIL,Comprado,ESTRUTURAL,,Melhorias base STEP 25-05-26.xlsx,"{""source_sheet"": ""Custos x Execução"", ""source_row"": 282, ""original_status"": ""Comprado""}"
xlsx-25-05-26-r0283,283,06,SETOR 6,030270,2026-04-10,43649,2026-04-13,EDFER - COMERCIO DE FERRO E ACO LTDA,"METALON 60MM X 60MM X 3,2MM",156.0,12891.84,BRASIL,Comprado,ESTRUTURAL,,Melhorias base STEP 25-05-26.xlsx,"{""source_sheet"": ""Custos x Execução"", ""source_row"": 283, ""original_status"": ""Comprado""}"
xlsx-25-05-26-r0284,284,06,SETOR 6,030270,2026-04-10,43649,2026-04-13,EDFER - COMERCIO DE FERRO E ACO LTDA,METALON DW 40 X 40 (CHAPA 18),42.0,604.8,BRASIL,Comprado,ESTRUTURAL,,Melhorias base STEP 25-05-26.xlsx,"{""source_sheet"": ""Custos x Execução"", ""source_row"": 284, ""original_status"": ""Comprado""}"
xlsx-25-05-26-r0285,285,06,SETOR 6,030270,2026-04-10,43649,2026-04-13,EDFER - COMERCIO DE FERRO E ACO LTDA,"CHAPA DE AÇO LISA 2,65 MM X 1200 MM X 3000 MM",1957.04,14286.39,BRASIL,Comprado,ESTRUTURAL,,Melhorias base STEP 25-05-26.xlsx,"{""source_sheet"": ""Custos x Execução"", ""source_row"": 285, ""original_status"": ""Comprado""}"
xlsx-25-05-26-r0286,286,06,SETOR 6,030275,2026-04-11,43662,2026-04-14,FORT CONSTRUCOES COMERCIO E SERVICOS LTDA,CONSTRUÇÃO DE MAIS DOIS MÓDULOS CABINE DE JATO COM PORTÕES,1.0,20000.0,BRASIL,Comprado,ESTRUTURAL,,Melhorias base STEP 25-05-26.xlsx,"{""source_sheet"": ""Custos x Execução"", ""source_row"": 286, ""original_status"": ""Comprado""}"
xlsx-25-05-26-r0287,287,07A,SETOR 7A,030275,2026-04-11,43662,2026-04-14,FORT CONSTRUCOES COMERCIO E SERVICOS LTDA,FABRICAÇÃO E INSTALAÇÃO DE COBERTURA E PAINEL LATERAL,1.0,18000.0,BRASIL,Comprado,ESTRUTURAL,,Melhorias base STEP 25-05-26.xlsx,"{""source_sheet"": ""Custos x Execução"", ""source_row"": 287, ""original_status"": ""Comprado""}"
xlsx-25-05-26-r0288,288,03,SETOR 3,,,43483,2026-04-02,DIMENSIONAL CENTELHA SOLUÇOES LTDA,CABO FLEXIVEL 1KV HEPR 1X100MM² E 150MM²,1000.0,81205.0,BRASIL,Comprado,ESTRUTURAL,,Melhorias base STEP 25-05-26.xlsx,"{""source_sheet"": ""Custos x Execução"", ""source_row"": 288, ""original_status"": ""Comprado""}"
xlsx-25-05-26-r0289,289,03,SETOR 3,,,43483,2026-04-02,DIMENSIONAL CENTELHA SOLUÇOES LTDA,QUADRO BRUM 1000X600X200MM REF:BRCE-100.60.20F,1.0,1189.93,BRASIL,Comprado,ESTRUTURAL,,Melhorias base STEP 25-05-26.xlsx,"{""source_sheet"": ""Custos x Execução"", ""source_row"": 289, ""original_status"": ""Comprado""}"
xlsx-25-05-26-r0290,290,07A,SETOR 7A,,,43769,2026-04-24,COMERCIAL OFFSHORE MACAE PARAFUSOS E FERRAMENTAS,PARAFUSO GALVANIZADO PARA TELHAS CABEÇA 8 MM X 20 MM,1100.0,352.0,BRASIL,Comprado,ESTRUTURAL,,Melhorias base STEP 25-05-26.xlsx,"{""source_sheet"": ""Custos x Execução"", ""source_row"": 290, ""original_status"": ""Comprado""}"
xlsx-25-05-26-r0291,291,07A,SETOR 7A,,,43769,2026-04-24,COMERCIAL OFFSHORE MACAE PARAFUSOS E FERRAMENTAS,PARAFUSO DE COSTURA AUTOPERFURANTE P/ TELHADO E ACABAMENTOS PB1/4-14X7/8P1,200.0,88.0,BRASIL,Comprado,ESTRUTURAL,,Melhorias base STEP 25-05-26.xlsx,"{""source_sheet"": ""Custos x Execução"", ""source_row"": 291, ""original_status"": ""Comprado""}"
xlsx-25-05-26-r0292,292,07A,SETOR 7A,,,43770,2026-05-01,LAGOS TELHAS LTDA,"TELHA TRAPEZOIDAL GALVANIZADA 6 X 1,10 X 0,43M",16.0,4770.88,BRASIL,Comprado,ESTRUTURAL,,Melhorias base STEP 25-05-26.xlsx,"{""source_sheet"": ""Custos x Execução"", ""source_row"": 292, ""original_status"": ""Comprado""}"
xlsx-25-05-26-r0293,293,07A,SETOR 7A,,,43770,2026-05-01,LAGOS TELHAS LTDA,"TELHA TRAPEZOIDAL GALVANIZADA 6 X 1,10 X 0,43M",38.0,9712.12,BRASIL,Comprado,ESTRUTURAL,,Melhorias base STEP 25-05-26.xlsx,"{""source_sheet"": ""Custos x Execução"", ""source_row"": 293, ""original_status"": ""Comprado""}"
xlsx-25-05-26-r0294,294,16,SETOR 16,,,43782,2026-04-24,COMERCIAL OFFSHORE MACAE PARAFUSOS E FERRAMENTAS,PARABOLT M10,250.0,1320.0,BRASIL,Comprado,ESTRUTURAL,,Melhorias base STEP 25-05-26.xlsx,"{""source_sheet"": ""Custos x Execução"", ""source_row"": 294, ""original_status"": ""Comprado""}"
xlsx-25-05-26-r0295,295,07A,SETOR 7A,,,43877,2026-04-27,ATACADAO 1000 MATERIAIS DE CONSTRUCAO LTDA ME,AREIA,3.0,510.0,BRASIL,Comprado,CIVIL,,Melhorias base STEP 25-05-26.xlsx,"{""source_sheet"": ""Custos x Execução"", ""source_row"": 295, ""original_status"": ""Comprado""}"
xlsx-25-05-26-r0296,296,07A,SETOR 7A,,,43877,2026-04-27,ATACADAO 1000 MATERIAIS DE CONSTRUCAO LTDA ME,MALHA 3.4 Q.61 15 X 15 3 X 2,60.0,4794.0,BRASIL,Comprado,CIVIL,,Melhorias base STEP 25-05-26.xlsx,"{""source_sheet"": ""Custos x Execução"", ""source_row"": 296, ""original_status"": ""Comprado""}"
xlsx-25-05-26-r0297,297,07A,SETOR 7A,,,43877,2026-04-27,ATACADAO 1000 MATERIAIS DE CONSTRUCAO LTDA ME,LINHA PARA PEDREIRO TRANÇADA COM 50M,3.0,27.0,BRASIL,Comprado,CIVIL,,Melhorias base STEP 25-05-26.xlsx,"{""source_sheet"": ""Custos x Execução"", ""source_row"": 297, ""original_status"": ""Comprado""}"
xlsx-25-05-26-r0298,298,07A,SETOR 7A,,,43877,2026-04-27,ATACADAO 1000 MATERIAIS DE CONSTRUCAO LTDA ME,LINHA DE NYLON PEDREIRO LARANJA 100MT,2.0,24.0,BRASIL,Comprado,CIVIL,,Melhorias base STEP 25-05-26.xlsx,"{""source_sheet"": ""Custos x Execução"", ""source_row"": 298, ""original_status"": ""Comprado""}"
xlsx-25-05-26-r0299,299,07A,SETOR 7A,,,43877,2026-04-27,ATACADAO 1000 MATERIAIS DE CONSTRUCAO LTDA ME,SACO DE CIMENTO CPIII,14.0,602.0,BRASIL,Comprado,CIVIL,,Melhorias base STEP 25-05-26.xlsx,"{""source_sheet"": ""Custos x Execução"", ""source_row"": 299, ""original_status"": ""Comprado""}"
xlsx-25-05-26-r0300,300,07A,SETOR 7A,,,43877,2026-04-27,ATACADAO 1000 MATERIAIS DE CONSTRUCAO LTDA ME,LAPIS,4.0,16.0,BRASIL,Comprado,CIVIL,,Melhorias base STEP 25-05-26.xlsx,"{""source_sheet"": ""Custos x Execução"", ""source_row"": 300, ""original_status"": ""Comprado""}"
xlsx-25-05-26-r0301,301,07A,SETOR 7A,,,43877,2026-04-27,ATACADAO 1000 MATERIAIS DE CONSTRUCAO LTDA ME,PEDRA BRITADA,2.0,460.0,BRASIL,Comprado,CIVIL,,Melhorias base STEP 25-05-26.xlsx,"{""source_sheet"": ""Custos x Execução"", ""source_row"": 301, ""original_status"": ""Comprado""}"
xlsx-25-05-26-r0302,302,07A,SETOR 7A,,,43877,2026-04-27,ATACADAO 1000 MATERIAIS DE CONSTRUCAO LTDA ME,PREGO 17 X 27 C/ CABECA,3.0,59.7,BRASIL,Comprado,CIVIL,,Melhorias base STEP 25-05-26.xlsx,"{""source_sheet"": ""Custos x Execução"", ""source_row"": 302, ""original_status"": ""Comprado""}"
xlsx-25-05-26-r0303,303,07A,SETOR 7A,,,43923,2026-05-08,SUPERMIX CONCRETO S/A,CONCRETO USINADO,16.0,8960.0,BRASIL,Comprado,CIVIL,,Melhorias base STEP 25-05-26.xlsx,"{""source_sheet"": ""Custos x Execução"", ""source_row"": 303, ""original_status"": ""Comprado""}"
xlsx-25-05-26-r0304,304,07A,SETOR 7A,,,43924,2026-05-04,MADEIREIRA IRMAOS CAMPANATI EIRELI-ME,"TABUA DE PINUS 3,0 X 30CM X 2,5CM",60.0,852.0,BRASIL,Comprado,ESTRUTURAL,,Melhorias base STEP 25-05-26.xlsx,"{""source_sheet"": ""Custos x Execução"", ""source_row"": 304, ""original_status"": ""Comprado""}"
xlsx-25-05-26-r0305,305,07A,SETOR 7A,,,43925,2026-05-04,COMERCIAL TJ ELETRICA E HIDRAULICA,COLUNA DE FERRO 5/16 20X7,24.0,368.93,BRASIL,Comprado,ESTRUTURAL,,Melhorias base STEP 25-05-26.xlsx,"{""source_sheet"": ""Custos x Execução"", ""source_row"": 305, ""original_status"": ""Comprado""}"
xlsx-25-05-26-r0306,306,07A,SETOR 7A,,,43925,2026-05-04,COMERCIAL TJ ELETRICA E HIDRAULICA,CAIXA D'AGUA,3.0,1260.0,BRASIL,Comprado,CIVIL,,Melhorias base STEP 25-05-26.xlsx,"{""source_sheet"": ""Custos x Execução"", ""source_row"": 306, ""original_status"": ""Comprado""}"
xlsx-25-05-26-r0307,307,07A,SETOR 7A,,,43925,2026-05-04,COMERCIAL TJ ELETRICA E HIDRAULICA,TRELIÇA TG8L,102.0,719.82,BRASIL,Comprado,ESTRUTURAL,,Melhorias base STEP 25-05-26.xlsx,"{""source_sheet"": ""Custos x Execução"", ""source_row"": 307, ""original_status"": ""Comprado""}"
xlsx-25-05-26-r0308,308,03,SETOR 3,,,42994,2026-03-16,DIMENSIONAL CENTELHA SOLUÇOES LTDA,"CABO FLEXIVEL PP 3X1,50MM",500.0,2735.0,BRASIL,Comprado,ESTRUTURAL,,Melhorias base STEP 25-05-26.xlsx,"{""source_sheet"": ""Custos x Execução"", ""source_row"": 308, ""original_status"": ""Comprado""}"
xlsx-25-05-26-r0309,309,01,SETOR 1,,,44241,2026-05-08,FORT CONSTRUCOES COMERCIO E SERVICOS LTDA,"FABRICAÇÃO DE TESOURAS, SAPATAS E COBERTURA",1.0,32250.0,BRASIL,Comprado,ESTRUTURAL,,Melhorias base STEP 25-05-26.xlsx,"{""source_sheet"": ""Custos x Execução"", ""source_row"": 309, ""original_status"": ""Comprado""}"
xlsx-25-05-26-r0310,310,01,SETOR 1,,,44251,,G5 EQUIPAMENTOS E CONSTRUCAO LTDA,DEMOLIDOR E BETONEIRA,1.0,1060.0,BRASIL,Comprado,CIVIL,,Melhorias base STEP 25-05-26.xlsx,"{""source_sheet"": ""Custos x Execução"", ""source_row"": 310, ""original_status"": ""Comprado""}"
xlsx-25-05-26-r0311,311,01,SETOR 1,,,44345,2026-05-14,COMERCIAL TJ ELETRICA E HIDRAULICA,SACO DE CIMENTO CPIII,10.0,385.0,BRASIL,Comprado,ESTRUTURAL,,Melhorias base STEP 25-05-26.xlsx,"{""source_sheet"": ""Custos x Execução"", ""source_row"": 311, ""original_status"": ""Comprado""}"
xlsx-25-05-26-r0312,312,01,SETOR 1,,,44384,2026-05-22,EDFER - COMERCIO DE FERRO E ACO LTDA,"PERFIL AC U SIMPLES 100 X 40 X 2,65 ESP",108.0,3646.08,BRASIL,Comprado,ESTRUTURAL,,Melhorias base STEP 25-05-26.xlsx,"{""source_sheet"": ""Custos x Execução"", ""source_row"": 312, ""original_status"": ""Comprado""}"
xlsx-25-05-26-r0313,313,01,SETOR 1,,,44383,2026-05-22,EDFER - COMERCIO DE FERRO E ACO LTDA,"CANTONEIRA ABAS IGUAIS 2"" X 2"" X 1/4"" ESP. A36",24.0,852.48,BRASIL,Comprado,ESTRUTURAL,,Melhorias base STEP 25-05-26.xlsx,"{""source_sheet"": ""Custos x Execução"", ""source_row"": 313, ""original_status"": ""Comprado""}"
xlsx-25-05-26-r0314,314,01,SETOR 1,,,44405,2026-05-20,LAGOS TELHAS LTDA,"TELHA TRAPEZOIDAL GALVANIZADA 6 X 1,10 X 0,43M",264.0,11246.4,BRASIL,Comprado,ESTRUTURAL,,Melhorias base STEP 25-05-26.xlsx,"{""source_sheet"": ""Custos x Execução"", ""source_row"": 314, ""original_status"": ""Comprado""}"
xlsx-25-05-26-r0315,315,01,SETOR 1,,,44418,2026-05-22,COMERCIAL OFFSHORE MACAE PARAFUSOS E FERRAMENTAS,PARAFUSO DE COSTURA AUTOPERFURANTE P/ TELHADO E ACABAMENTOS PB1/4-14X7/8P1,200.0,64.0,BRASIL,Comprado,ESTRUTURAL,,Melhorias base STEP 25-05-26.xlsx,"{""source_sheet"": ""Custos x Execução"", ""source_row"": 315, ""original_status"": ""Comprado""}"
xlsx-25-05-26-r0316,316,01,SETOR 1,,,44418,2026-05-22,COMERCIAL OFFSHORE MACAE PARAFUSOS E FERRAMENTAS,PARAFUSO GALVANIZADO PARA TELHAS CABEÇA 8 MM X 20 MM,1000.0,340.0,BRASIL,Comprado,ESTRUTURAL,,Melhorias base STEP 25-05-26.xlsx,"{""source_sheet"": ""Custos x Execução"", ""source_row"": 316, ""original_status"": ""Comprado""}"
