row_key;item_id;setor;cotacao;data_cotacao;pedido;data_pedido;fornecedor;produto;quantidade;valor;origem;status_compra;disciplina;source_row
xlsx-25-05-26-row-0006;;SETOR - AREA NOVA - GLOBAL RISER;27074;2025-07-23;38431;2025-07-23;G5 EQUIPAMENTOS E CONSTRUCAO LTDA;PERFURADOR DE SOLO À GASOLINA 52CC 1500W 2HP COM BROCA HELICOIDAL 20X80CM;1.0;310.0;BRASIL;Comprado;CIVIL;6
xlsx-25-05-26-row-0007;;SETOR - AREA NOVA - GLOBAL RISER;27088;2025-07-23;38545;2025-07-28;PEDREIRA IMBOASSICA LTDA;BRITA CORRIDA;720.0;43200.0;BRASIL;Comprado;CIVIL;7
xlsx-25-05-26-row-0008;;SETOR - AREA NOVA - GLOBAL RISER;27087;2025-07-23;38546;2025-07-28;MAMUTE LOCACOES COMERCIO E SERVICOS LTDA;SERVIÇO DE TERRAPLANAGEM;1.0;108000.0;BRASIL;Comprado;CIVIL;8
xlsx-25-05-26-row-0009;;SETOR - AREA NOVA - GLOBAL RISER;27225;2025-07-31;38671;2025-08-04;COMERCIAL TJ ELETRICA E HIDRAULICA;POSTES DE CONCRETO CURVO PARA SUSTENTAÇÃO DO ALAMBRADO 3,00 METROS ALTURA;32.0;3872.0;BRASIL;Comprado;CIVIL;9
xlsx-25-05-26-row-0010;;SETOR - AREA NOVA - GLOBAL RISER;27225;2025-07-31;38671;2025-08-04;COMERCIAL TJ ELETRICA E HIDRAULICA;ARAME FARPADO P/ CERCA;250.0;175.0;BRASIL;Comprado;CIVIL;10
xlsx-25-05-26-row-0011;01;SETOR 1;28002;2025-10-06;40623;2025-11-13;COMERCIAL TJ ELETRICA E HIDRAULICA;ALAMBRADO NO MODELO-ARAME GALVANIZADO REVESTIDO DE PVC ALTO ADERENTE FIO 14 MALHA 7,5CM C/ALTUR.2M;60.0;2640.0;BRASIL;Comprado;CIVIL;11
xlsx-25-05-26-row-0012;01;SETOR 1;28002;2025-10-06;40624;2025-11-13;CENTRAL DE AÇO MACAE LTDA;METALON 30MM X 50MM X 2,5MM;180.0;6296.99;BRASIL;Comprado;CIVIL;12
xlsx-25-05-26-row-0013;01;SETOR 1;29942;2025-12-10;41295;2025-12-16;MADEIREIRA IRMAOS CAMPANATI EIRELI-ME;PINUS 3 X 3 - 3MTS;15.0;225.0;BRASIL;Comprado;CIVIL;13
xlsx-25-05-26-row-0014;01;SETOR 1;29942;2025-12-10;41295;2025-12-16;MADEIREIRA IRMAOS CAMPANATI EIRELI-ME;PINUS 3 X 3 - 3MTS;15.0;561.0;BRASIL;Comprado;CIVIL;14
xlsx-25-05-26-row-0015;03;SETOR 3;;;41254;2025-12-15;EDFER - COMERCIO DE FERRO E ACO LTDA;FERRO U 4 SIMPLES 100X40 CH 3;180.0;4354.2;BRASIL;Comprado;ESTRUTURAL;15
xlsx-25-05-26-row-0016;03;SETOR 3;;;41254;2025-12-15;EDFER - COMERCIO DE FERRO E ACO LTDA;"PERFIL U 5"" SIMPLES CH 4,75";90.0;7219.8;BRASIL;Comprado;ESTRUTURAL;16
xlsx-25-05-26-row-0017;01;SETOR 1;29942;2025-12-10;41296;2025-12-16;EDFER - COMERCIO DE FERRO E ACO LTDA;PERFIL W150 X 22,50 KG/M ASTM A572 GR.50;60.0;11880.0;BRASIL;Comprado;ESTRUTURAL;17
xlsx-25-05-26-row-0018;01;SETOR 1;29942;2025-12-10;41296;2025-12-16;EDFER - COMERCIO DE FERRO E ACO LTDA;FERRO U 4 SIMPLES 100X40 CH 3;300.0;7257.0;BRASIL;Comprado;ESTRUTURAL;18
xlsx-25-05-26-row-0019;01;SETOR 1;29942;2025-12-10;41297;2025-12-16;LAGOS TELHAS LTDA;TELHA TRAPEZOIDAL GALVANIZADA 6 X 1,10 X 0,43M;50.0;14185.0;BRASIL;Comprado;ESTRUTURAL;19
xlsx-25-05-26-row-0020;01;SETOR 1;40680;2025-12-10;42720;;;ESTICADOR OLHAL GANCHO M6;20.0;0.0;BRASIL;Em Processo de Compra;CIVIL;20
xlsx-25-05-26-row-0021;01;SETOR 1;40680;2025-12-10;42720;2026-03-04;;AREIA;4.0;600.0;BRASIL;Comprado;CIVIL;21
xlsx-25-05-26-row-0022;01;SETOR 1;40680;2025-12-10;;;;PINUS 3 X 3 - 3MTS;15.0;0.0;BRASIL;Cancelado;CIVIL;22
xlsx-25-05-26-row-0023;01;SETOR 1;40680;2025-12-10;42720;2026-03-04;;PEDRA BRITADA;3.0;630.0;BRASIL;Comprado;CIVIL;23
xlsx-25-05-26-row-0024;01;SETOR 1;40680;2025-12-10;42720;2026-03-04;;"VERGALHAO CA 50 5/16""";120.0;479.0;BRASIL;Comprado;CIVIL;24
xlsx-25-05-26-row-0025;01;SETOR 1;40680;2025-12-10;42720;2026-03-04;;COLUNA DE FERRO 5/16 20X7;72.0;1188.0;BRASIL;Comprado;CIVIL;25
xlsx-25-05-26-row-0026;01;SETOR 1;40680;2025-12-10;42720;2026-03-04;;PREGO 17 X 21 COM CABECA;2.0;44.0;BRASIL;Comprado;CIVIL;26
xlsx-25-05-26-row-0027;01;SETOR 1;40680;2025-12-10;;;;PARAFUSO GALVANIZADO PARA TELHA CABEÇA 10MM X 30MM;500.0;0.0;BRASIL;Cancelado;ESTRUTURAL;27
xlsx-25-05-26-row-0028;01;SETOR 1;40680;2025-12-10;;;;"CABO DE ACO GALVANIZADO 3/8"" 6 X 19S";80.0;0.0;BRASIL;Cancelado;ESTRUTURAL;28
xlsx-25-05-26-row-0029;01;SETOR 1;40680;2025-12-10;42720;2026-03-04;;SACO DE CIMENTO CPIII;30.0;1197.0;BRASIL;Comprado;CIVIL;29
xlsx-25-05-26-row-0030;15;SETOR 15;;2026-01-22;;;FORT CONSTRUCOES COMERCIO E SERVICOS LTDA;FABRICAR E INSTALAR 3 PORTÕES - ESTOQUE;1.0;12000.0;BRASIL;Em Orçamento;ESTRUTURAL;30
xlsx-25-05-26-row-0031;01;SETOR 1;;;;;PROJECARD;DETALHAMENTOS ESTRUTURAL + PROJETO (REPLICAÇÃO DE GALPÃO PARA ARMAZENAMENTO);1.0;7960.0;BRASIL;Em Orçamento;PROJETO;31
xlsx-25-05-26-row-0032;01A;SETOR 1A - ABASTECIMENTO;23189;2025-04-09;37071;2025-04-17;MARIO TELHAS COMERCIO DE MATERIAIS DE CONSTRUÇÃO;LONA PLASTICA PRETA;30.0;90.6;BRASIL;Comprado;CIVIL;32
xlsx-25-05-26-row-0033;01A;SETOR 1A - ABASTECIMENTO;23189;2025-04-09;37071;2025-04-17;MARIO TELHAS COMERCIO DE MATERIAIS DE CONSTRUÇÃO;TELHA TRAPEZOIDAL GALVANIZADA 6 X 1,10 X 0,43M;10.0;2871.0;BRASIL;Comprado;ESTRUTURAL;33
xlsx-25-05-26-row-0034;01A;SETOR 1A - ABASTECIMENTO;23189;2025-04-09;37071;2025-04-17;MARIO TELHAS COMERCIO DE MATERIAIS DE CONSTRUÇÃO;IMPERMEABILIZANTE VIAPLUS 7000 FIBRAS;54.0;776.4;BRASIL;Comprado;CIVIL;34
xlsx-25-05-26-row-0035;01A;SETOR 1A - ABASTECIMENTO;23189;2025-04-09;37072;2025-04-17;JC TOLEDO MATERIAIS DE CONSTRUCAO LTDA;SACO DE CIMENTO;8.0;263.2;BRASIL;Comprado;CIVIL;35
xlsx-25-05-26-row-0036;01A;SETOR 1A - ABASTECIMENTO;23189;2025-04-09;37072;2025-04-17;JC TOLEDO MATERIAIS DE CONSTRUCAO LTDA;MALHA 4.2 Q.92 15 X 15 3 X 2;4.0;232.44;BRASIL;Comprado;CIVIL;36
xlsx-25-05-26-row-0037;01A;SETOR 1A - ABASTECIMENTO;23189;2025-04-09;37072;2025-04-17;JC TOLEDO MATERIAIS DE CONSTRUCAO LTDA;AREIA;2.0;198.0;BRASIL;Comprado;CIVIL;37
xlsx-25-05-26-row-0038;01A;SETOR 1A - ABASTECIMENTO;23189;2025-04-09;37072;2025-04-17;JC TOLEDO MATERIAIS DE CONSTRUCAO LTDA;BLOCO DE CIMENTO 10X20X40;100.0;310.0;BRASIL;Comprado;CIVIL;38
xlsx-25-05-26-row-0039;01A;SETOR 1A - ABASTECIMENTO;25155;2025-04-09;37211;2025-05-05;COMERCIAL OFFSHORE MACAE PARAFUSOS E FERRAMENTAS;PARAFUSO AUTO BROCANTE N 12 X 3/4 Nº3;100.0;40.0;BRASIL;Comprado;ESTRUTURAL;39
xlsx-25-05-26-row-0040;13;SETOR 13;;2026-01-22;;;FORT CONSTRUCOES COMERCIO E SERVICOS LTDA;FABRICAR UM MEZANINO - ALMOXARIFADO;1.0;27500.0;BRASIL;Em Orçamento;ESTRUTURAL;40
xlsx-25-05-26-row-0041;14;SETOR 14;41869;2026-02-12;42517;2026-02-24;FORT CONSTRUCOES COMERCIO E SERVICOS LTDA;PLANO DE MELHORIA DO SETOR 14, TELHADO DA LAJE DA SALA DE CONTROLE.;1.0;25000.0;BRASIL;Comprado;ESTRUTURAL;41
xlsx-25-05-26-row-0042;01A;SETOR 1A;27625;2025-09-02;39207;2025-09-03;EDFER - COMERCIO DE FERRO E ACO LTDA;PERFIL AC U SIMPLES 100 X 40 X 2,65 ESP;120.0;2902.8;BRASIL;Comprado;ESTRUTURAL;42
xlsx-25-05-26-row-0043;01A;SETOR 1A;27625;2025-09-02;39208;2025-09-03;LAGOS TELHAS LTDA;TELHA TRAPEZOIDAL GALVANIZADA 6 X 1,10 X 0,43M;45.0;9045.0;BRASIL;Comprado;CIVIL;43
xlsx-25-05-26-row-0044;01A;SETOR 1A;41292;2026-01-12;42236;2026-02-04;ATACADAO 1000 MATERIAIS DE CONSTRUCAO LTDA ME;PEDRA BRITADA;1.0;210.0;BRASIL;Comprado;CIVIL;44
xlsx-25-05-26-row-0045;01A;SETOR 1A;41292;2026-01-12;42236;2026-02-04;ATACADAO 1000 MATERIAIS DE CONSTRUCAO LTDA ME;BLOCO DE CIMENTO 10X20X40;60.0;228.0;BRASIL;Comprado;CIVIL;45
xlsx-25-05-26-row-0046;01A;SETOR 1A;41292;2026-01-12;42236;2026-02-04;ATACADAO 1000 MATERIAIS DE CONSTRUCAO LTDA ME;RADIES 5/16 70X70;6.0;239.4;BRASIL;Comprado;CIVIL;46
xlsx-25-05-26-row-0047;01A;SETOR 1A;41292;2026-01-12;42236;2026-02-04;ATACADAO 1000 MATERIAIS DE CONSTRUCAO LTDA ME;COLUNA DE FERRO 5/16 20X7;12.0;1380.0;BRASIL;Comprado;CIVIL;47
xlsx-25-05-26-row-0048;01A;SETOR 1A;41292;2026-01-12;42236;2026-02-04;ATACADAO 1000 MATERIAIS DE CONSTRUCAO LTDA ME;AREIA;2.0;300.0;BRASIL;Comprado;CIVIL;48
xlsx-25-05-26-row-0049;01A;SETOR 1A;41292;2026-01-12;42236;2026-02-04;ATACADAO 1000 MATERIAIS DE CONSTRUCAO LTDA ME;SACO DE CIMENTO CPIII;10.0;399.0;BRASIL;Comprado;CIVIL;49
xlsx-25-05-26-row-0050;01A;SETOR 1A;41292;2026-01-12;42237;2026-02-04;ATACADAO 1000 MATERIAIS DE CONSTRUCAO LTDA ME;SIKA TOP 100 CX. 18KG;2.0;150.0;BRASIL;Comprado;CIVIL;50
xlsx-25-05-26-row-0051;01A;SETOR 1A;41643;2026-01-12;;;;BETONEIRA 400L PRIME C/MOTOR MONO 2CV 220V 60HZ 4P C/KIT SEGURANCA BIVOLT;1.0;0.0;BRASIL;Cancelado;CIVIL;51
xlsx-25-05-26-row-0052;02;SETOR 2;29817;2025-12-04;41097;2025-12-04;GON PETRO COMERCIAL LTDA;"PERFIL U ENRIJECIDO 3"" X 1.1/2"" X 3MM";150.0;8970.0;BRASIL;Comprado;ESTRUTURAL;52
xlsx-25-05-26-row-0053;02;SETOR 2;29817;2025-12-04;41098;2025-12-04;COMERCIAL OFFSHORE MACAE PARAFUSOS E FERRAMENTAS;PARAFUSO GALVANIZADO PARA TELHA CABEÇA 10MM X 30MM;500.0;300.0;BRASIL;Comprado;ESTRUTURAL;53
xlsx-25-05-26-row-0054;02;SETOR 2;29817;2025-12-04;41099;2025-12-04;LAGOS TELHAS LTDA;TELHA TRAPEZOIDAL GALVANIZADA 6 X 1,10 X 0,43M;50.0;10050.0;BRASIL;Cancelado;ESTRUTURAL;54
xlsx-25-05-26-row-0055;02;SETOR 2;41641;2026-02-04;42278;2026-02-06;FORT CONSTRUCOES COMERCIO E SERVICOS LTDA;SERVIÇOS DIVERSIFICADOS NÃO LIGADOS A PRODUÇÃO - ESTRUTURA DE PAREDE DA AREA 2;1.0;11000.0;BRASIL;Comprado;ESTRUTURAL;55
xlsx-25-05-26-row-0056;03;SETOR 3;25427;2025-06-04;37762;2025-06-11;CONSTRUTORA SORDI LTDA;SERVIÇOS DIVERSIFICADOS NÃO LIGADOS A PRODUÇÃO;1.0;37600.0;BRASIL;Comprado;ESTRUTURAL;56
xlsx-25-05-26-row-0057;03;SETOR 3;27860;2025-09-29;40626;2025-11-13;LAGOS TELHAS LTDA;TELHAS SANDUICHE H=100MM;400.0;67029.9;BRASIL;Comprado;ESTRUTURAL;57
xlsx-25-05-26-row-0058;03;SETOR 3;29786;2025-12-01;41010;2025-12-02;FORT CONSTRUCOES COMERCIO E SERVICOS LTDA;SERVIÇOS DIVERSIFICADOS NÃO LIGADOS A PRODUÇÃO;1.0;18900.0;BRASIL;Comprado;ESTRUTURAL;58
xlsx-25-05-26-row-0059;03;SETOR 3;41253;2026-01-09;41857;2026-01-13;FORT CONSTRUCOES COMERCIO E SERVICOS LTDA;SERVIÇOS DIVERSIFICADOS NÃO LIGADOS A PRODUÇÃO;1.0;42000.0;BRASIL;Comprado;ESTRUTURAL;59
xlsx-25-05-26-row-0060;03;SETOR 3;41269;2026-01-11;42101;2026-01-28;RAFIL SUPRIMENTOS OFFSHORE LTDA;FITA ANTICORROSIVA 100MM X 30M PRETA;8.0;1992.0;BRASIL;Comprado;ESTRUTURAL;60
xlsx-25-05-26-row-0061;03;SETOR 3;41273;2026-01-12;42141;2026-01-29;RAFIL SUPRIMENTOS OFFSHORE LTDA;PARAFUSO SEXTAVADO AUTOBROCANTE 12X4 ROSCA DUPLA 10,2CM;1800.0;3960.0;BRASIL;Comprado;ESTRUTURAL;61
xlsx-25-05-26-row-0062;03;SETOR 3;41574;2026-01-30;42324;2026-02-09;LAGOS TELHAS LTDA;TELHAS SANDUICHE H=100MM;150.0;35125.65;BRASIL;Comprado;ESTRUTURAL;62
xlsx-25-05-26-row-0063;03;SETOR 3;;;;;PROJECARD;PROJETO E CÁLCULO DE PÓRTICO SOBRE TRILHO;1.0;6260.0;BRASIL;Cancelado;PROJETO;63
xlsx-25-05-26-row-0064;03;SETOR 3;;;;;BARBARA COSNTRUÇÃO;FABRICAÇÃO DA ESTRUTURA - TESOURAS + MONTAGEM (FORN BARBARA CONSTRU);1.0;145000.0;BRASIL;Cancelado;ESTRUTURAL;64
xlsx-25-05-26-row-0065;03;SETOR 3;;;;;VOCAN;FABRICAÇÃO DA ESTRUTURA - TESOURAS + MONTAGEM (FORN VOLCAN);1.0;189750.0;BRASIL;Cancelado;ESTRUTURAL;65
xlsx-25-05-26-row-0066;03;SETOR 3;;;;;DIAMETTRO;FABRICAÇÃO DE 7 TESOURAS - (FORN DIAMETRO);1.0;72500.0;BRASIL;Cancelado;ESTRUTURAL;66
xlsx-25-05-26-row-0067;03;SETOR 3 - PETROHAB;25094;2025-04-25;37217;2025-05-05;SERFER COM E IND FERRO E AÇO LTDA;"CHAPA DE XADREZ 1/4"" A36";3160.0;8315.86;BRASIL;Comprado;ESTRUTURAL;67
xlsx-25-05-26-row-0068;03;SETOR 3 - PETROHAB;25513;2025-06-11;37969;2025-06-24;CEDISA CENTRAL DE ACO S/A - FABRICACAO;"CHAPA DE XADREZ 1/4"" A36";890.0;5750.02;BRASIL;Comprado;ESTRUTURAL;68
xlsx-25-05-26-row-0069;04;SETOR 4;24509;2025-02-18;36110;2025-02-24;JCM NITEROI REFRIGERAÇÃO LTDA;BEBEDOURO INDUSTRIAL 200 LITROS ACO INOX;1.0;3628.65;BRASIL;Comprado;OPERACIONAL;69
xlsx-25-05-26-row-0070;04;SETOR 4;;2025-12-01;;;ONEN;EMPILHADEIRA – FORKLIFT-CPDD-V3530L;1.0;98968.97;CHINA;Orçamento não Aprovado;OPERACIONAL;70
xlsx-25-05-26-row-0071;04;SETOR 4;;2025-12-01;;;FEIDA;MÁQUINA DE SOLDA TIG – TIG-250;1.0;914.38;CHINA;Orçamento não Aprovado;OPERACIONAL;71
xlsx-25-05-26-row-0072;04;SETOR 4;;2025-12-01;;;FEIDA;MÁQUINA DE SOLDA MIG – MIG-300;1.0;2916.38;CHINA;Orçamento não Aprovado;OPERACIONAL;72
xlsx-25-05-26-row-0073;04;SETOR 4;;2025-12-01;;;KAITAI;MÁQUINA DE SOLDA TIG AC/DC – TIG-250AC/DC;1.0;2184.39;CHINA;Orçamento não Aprovado;OPERACIONAL;73
xlsx-25-05-26-row-0074;04;SETOR 4;;2025-12-01;;;KAITAI;MÁQUINA DE SOLDA MIG – MIG 350H;1.0;3413.12;CHINA;Orçamento não Aprovado;OPERACIONAL;74
xlsx-25-05-26-row-0075;04;SETOR 4;;2025-12-01;;;ANHUI HUAXIA;GUILHOTINA HIDRÁULICA – QC11K-16X2500;1.0;152907.76;CHINA;Orçamento não Aprovado;OPERACIONAL;75
xlsx-25-05-26-row-0076;04;SETOR 4;;2025-12-01;;;CNC RADIAL DRILLING;FURADEIRA RADIAL – Z3040*10;1.0;27304.97;CHINA;Orçamento não Aprovado;OPERACIONAL;76
xlsx-25-05-26-row-0077;04;SETOR 4;;2025-12-01;;;JIANGSU BOHUI MACHINERY;SUPORTE DE TUBO COM RODAS – PIPE JACK STAND WITH WHEELS-BRACKET/11 07;1.0;698.29;CHINA;Orçamento não Aprovado;OPERACIONAL;77
xlsx-25-05-26-row-0078;04;SETOR 4;;2025-12-01;;;JIANGSU BOHUI MACHINERY;SUPORTE DE TUBO – PIPE SUPPORT STAND-BRACKET/11 07R;1.0;262.09;CHINA;Orçamento não Aprovado;OPERACIONAL;78
xlsx-25-05-26-row-0079;04;SETOR 4;;2025-12-01;;;HANGZHOU DOWELD PIPING TECHNOLOGY CO.;CHANFRO MÁQUINA – BEVELING-WPP252-1;1.0;7611.26;CHINA;Orçamento não Aprovado;OPERACIONAL;79
xlsx-25-05-26-row-0080;04;SETOR 4;;2025-12-01;;;HANGZHOU DOWELD PIPING TECHNOLOGY CO.;CHANFRO MÁQUINA – BEVELING-M42;1.0;266.23;CHINA;Orçamento não Aprovado;OPERACIONAL;80
xlsx-25-05-26-row-0081;04;SETOR 4;;2025-12-01;;;HANGZHOU DOWELD PIPING TECHNOLOGY CO.;CHANFRO MÁQUINA – BEVELING-WPE-352;1.0;8880.99;CHINA;Orçamento não Aprovado;OPERACIONAL;81
xlsx-25-05-26-row-0082;04;SETOR 4;;2025-12-01;;;HANGZHOU DOWELD PIPING TECHNOLOGY CO.;CHANFRO MÁQUINA – BEVELING-M42;1.0;266.23;CHINA;Orçamento não Aprovado;OPERACIONAL;82
xlsx-25-05-26-row-0083;04;SETOR 4;;2025-12-01;;;HANGZHOU DOWELD PIPING TECHNOLOGY CO.;CHANFRO MÁQUINA – BEVELING-WPP120;1.0;5290.38;CHINA;Orçamento não Aprovado;OPERACIONAL;83
xlsx-25-05-26-row-0084;04;SETOR 4;;2025-12-01;;;HANGZHOU DOWELD PIPING TECHNOLOGY CO.;CHANFRO MÁQUINA – BEVELING-M42;1.0;266.23;CHINA;Orçamento não Aprovado;OPERACIONAL;84
xlsx-25-05-26-row-0085;04;SETOR 4;;2025-12-01;;;FOSHAN JUNDELONG MACHINERY EQUIPMENT;MÁQUINA DE CORTE DE TUBO – PIPE CUTTING-JD-300;1.0;4778.33;CHINA;Orçamento não Aprovado;OPERACIONAL;85
xlsx-25-05-26-row-0086;04;SETOR 4;;2025-12-01;;;WINCOO ENGINEERING CO.;MÁQUINA DE CHANFRO DE TUBO – PIPE BEVELING-WG2-11;1.0;3850.0;CHINA;Orçamento não Aprovado;OPERACIONAL;86
xlsx-25-05-26-row-0087;04;SETOR 4;;2025-12-18;;;MUTIAN -;PORTICO ELÉTRICO;1.0;13523.13;CHINA;Orçamento não Aprovado;OPERACIONAL;87
xlsx-25-05-26-row-0088;04;SETOR 4;;2025-12-18;;;NANJIE -;CARRINHO ELÉTRICO;1.0;3839.89;CHINA;Orçamento não Aprovado;OPERACIONAL;88
xlsx-25-05-26-row-0089;04;SETOR 4;;2025-12-18;;;HUAYUAN -;PONTE ROLANTE;1.0;73323.25;CHINA;Orçamento não Aprovado;OPERACIONAL;89
xlsx-25-05-26-row-0090;04;SETOR 4;;2025-12-18;;;PEISA -;PORTICO ELÉTRICO;1.0;6707.66;CHINA;Orçamento não Aprovado;OPERACIONAL;90
xlsx-25-05-26-row-0091;04;SETOR 4;;2025-12-18;;;WUXI DATANG DLH0810 -;MANIPULADOR DE SOLDAGEM;1.0;64410.02;CHINA;Orçamento não Aprovado;OPERACIONAL;91
xlsx-25-05-26-row-0092;04;SETOR 4;;2025-12-18;;;WUXI DATANG DLH1520 -;MANIPULADOR DE SOLDAGEM;1.0;172045.53;CHINA;Orçamento não Aprovado;OPERACIONAL;92
xlsx-25-05-26-row-0093;04;SETOR 4;;2025-12-18;;;WUXI DATANG HB12 -;POSICIONADOR DE SOLDAGEM;1.0;779413.25;CHINA;Orçamento não Aprovado;OPERACIONAL;93
xlsx-25-05-26-row-0094;04;SETOR 4;;2025-12-18;;;WUXI DATANG -;KIT DE PEÇAS DE REPOSIÇÃO;1.0;48683.25;CHINA;Orçamento não Aprovado;OPERACIONAL;94
xlsx-25-05-26-row-0095;04;SETOR 4;;2025-12-18;;;ACME 6036TKA -;MÁQUINA DE CORTE LASER DE TUBO;1.0;1429312.5;CHINA;Cancelado;OPERACIONAL;95
xlsx-25-05-26-row-0096;04;SETOR 4;;2025-12-18;;;ACME 6055TKA;MÁQUINA DE CORTE LASER DE TUBO;1.0;1944250.0;CHINA;Cancelado;OPERACIONAL;96
xlsx-25-05-26-row-0097;04;SETOR 4;;2025-12-18;;;HONHNIU HN6036SN;MÁQUINA DE CORTE LASER DE TUBO FIBRA;1.0;1266650.0;CHINA;Cancelado;OPERACIONAL;97
xlsx-25-05-26-row-0098;04;SETOR 4;;2025-12-18;;;SENFENG SF6035GST;MÁQUINA DE CORTE LASER DE TUBO;1.0;2204125.0;CHINA;Cancelado;OPERACIONAL;98
xlsx-25-05-26-row-0099;04;SETOR 4;;2025-12-18;;;WUXI DATANG;POSICIONADOR DE SOLDA – WELDING POSITIONER;1.0;16177.6;CHINA;Cancelado;OPERACIONAL;99
xlsx-25-05-26-row-0100;04;SETOR 4;;2025-12-18;;;WUXI DATANG;VIRADOR DE SOLDA LEVE – LIGHT WELDING ROTATOR;1.0;72758.46;CHINA;Cancelado;OPERACIONAL;100
xlsx-25-05-26-row-0101;04;SETOR 4;;2025-12-18;;;WUXI DATANG;VIRADOR DE SOLDA COM FUSO AJUSTÁVEL – LEAD SCREW ADJUSTABLE WELDING ROTATOR;1.0;239265.57;CHINA;Orçamento não Aprovado;OPERACIONAL;101
xlsx-25-05-26-row-0102;04;SETOR 4;;2025-12-18;;;WUXI DATANG;MANIPULADOR DE SOLDA TIPO PEQUENO – SMALL TYPE WELDING MANIPULATOR;1.0;75314.28;CHINA;Orçamento não Aprovado;OPERACIONAL;102
xlsx-25-05-26-row-0103;04;SETOR 4;;2025-12-18;;;WUXI DATANG;MÁQUINA DE CORTE CNC PLASMA COM CHANFRO – CNC PLASMA BEVEL CUTTING MACHINE;1.0;362840.75;CHINA;Cancelado;OPERACIONAL;103
xlsx-25-05-26-row-0104;04;SETOR 4;;2025-12-18;;;WUXI DATANG;PEÇAS DE REPOSIÇÃO PARA 1 ANO – ONE YEAR SPARE;1.0;57241.61;CHINA;Cancelado;OPERACIONAL;104
xlsx-25-05-26-row-0105;04;SETOR 4;;2025-12-18;;;QIANSHAN;MÁQUINA CNC CORTE DE PERFIL DE TUBO FLAME/PLASMA – CNC FLAME/PLASMA PIPE PROFILE CUTTING MACHINE;1.0;842867.22;CHINA;Cancelado;OPERACIONAL;105
xlsx-25-05-26-row-0106;04;SETOR 4;;2025-12-18;;;QIANSHAN;MÁQUINA CNC CORTE DE PERFIL DE TUBO PLASMA – CNC PLASMA PIPE PROFILE CUTTING MACHINE;1.0;570974.54;CHINA;Cancelado;OPERACIONAL;106
xlsx-25-05-26-row-0107;04;SETOR 4;;2025-12-18;;;LIAOLING HUAYUAN;PONTE ROLANTE DE VIGA SIMPLES – 3 TONELADAS;1.0;497253.58;CHINA;Orçamento não Aprovado;OPERACIONAL;107
xlsx-25-05-26-row-0108;04;SETOR 4;;2025-12-18;;;TXK;GUINDASTE COM GANCHO – HOOK CRANE;1.0;7585.85;CHINA;Orçamento não Aprovado;OPERACIONAL;108
xlsx-25-05-26-row-0109;04;SETOR 4;;2025-12-18;;;TXK;GUINDASTE COM GANCHO – HOOK CRANE;1.0;9054.05;CHINA;Orçamento não Aprovado;OPERACIONAL;109
xlsx-25-05-26-row-0110;04;SETOR 4;;2025-12-18;;;LUZHONG;FURADEIRA RADIAL;1.0;25829.84;CHINA;Orçamento não Aprovado;OPERACIONAL;110
xlsx-25-05-26-row-0111;04;SETOR 4;;2025-12-18;;;BETTER;PALETEIRA ELÉTRICA – 2 METROS / 2 TONELADAS;1.0;233827.73;CHINA;Orçamento não Aprovado;OPERACIONAL;111
xlsx-25-05-26-row-0112;04;SETOR 4;;2025-12-18;;;BOHUI MACHINERY;SUPORTE DE TUBO;1.0;18896.57;CHINA;Orçamento não Aprovado;OPERACIONAL;112
xlsx-25-05-26-row-0113;06;SETOR 6;;2025-12-18;;;PUHUA GROUP;CABINE DE JATEAMENTO COM RECUPERAÇÃO – RECOVERY SAND BLASTING BOOTH;1.0;419802.27;CHINA;Orçamento não Aprovado;OPERACIONAL;113
xlsx-25-05-26-row-0114;06;SETOR 6;;2025-12-18;;;QINGGONG;CABINE DE JATEAMENTO COM RECUPERAÇÃO – RECOVERY SAND BLASTING BOOTH;1.0;774894.02;CHINA;Orçamento não Aprovado;OPERACIONAL;114
xlsx-25-05-26-row-0115;04;SETOR 4;;2025-12-18;;;HUAGONG;CORTE A LASER & BISEL – LASER CUT & BEZEL;1.0;2127560.05;CHINA;Cancelado;OPERACIONAL;115
xlsx-25-05-26-row-0116;04;SETOR 4;;2025-12-18;;;HUAGONG;CORTE A LASER & BISEL – LASER CUT & BEZEL;1.0;2175141.24;CHINA;Cancelado;OPERACIONAL;116
xlsx-25-05-26-row-0117;04;SETOR 4;;2025-12-18;;;NUOMAN;PALETEIRA ELETRICA 2 TON - ELECTRIC STACKER;1.0;44467.5;CHINA;Orçamento não Aprovado;OPERACIONAL;117
xlsx-25-05-26-row-0118;04;SETOR 4;;2025-12-18;;;FABRICANTE - CHINA;PATRELEIRA PORTA PALLET PARA O ESTOQUE;25.0;55362.04;CHINA;Orçamento não Aprovado;OPERACIONAL;118
xlsx-25-05-26-row-0119;04;SETOR 4;;2026-02-05;;;SILBER DO BRASIL;MAQUINA DE CORTE E BISEL CNC PLASMA;1.0;615000.0;BRASIL;Cancelado;OPERACIONAL;119
xlsx-25-05-26-row-0120;02;SETOR 2;41750;2026-02-10;42355;2026-02-10;LANSUN - CHINA;MAQUINA DE CORTE E BISEL CNC PLASMA LANSUN ZLQ-54G;1.0;172012.5;CHINA;Comprado;OPERACIONAL;120
xlsx-25-05-26-row-0121;04;SETOR 4;41750;2026-02-12;42390;2026-02-12;WUXI HALDEN;ROLETES PARA SOLDA CR1 E CR3;1.0;43594.07;CHINA;Comprado;OPERACIONAL;121
xlsx-25-05-26-row-0122;04;SETOR 4;41779;2026-02-13;42412;2026-02-20;COPERFERRO;BANCADAS METALICAS - FABRICA;1.0;38688.0;BRASIL;Comprado;OPERACIONAL;122
xlsx-25-05-26-row-0123;02;SETOR 2;41907;;42550;2026-02-25;LANSUN - CHINA;ACESSORIOS DIVERSOS DA CNC CORTE PLASMA;1.0;11464.86;CHINA;Comprado;OPERACIONAL;123
xlsx-25-05-26-row-0124;04;SETOR 4;;;;;PROJECARD;PROJETO ESTRUTURAL PARA PONTE ROLANTE + PROJETO;40.0;21960.0;BRASIL;Em Orçamento;PROJETO;124
xlsx-25-05-26-row-0125;04;SETOR 4 - SALA DA QUALIDADE;25612;2025-06-19;38010;2025-06-26;MARIO TELHAS COMERCIO DE MATERIAIS DE CONSTRUÇÃO;BLOCO DE ESPUMA P/ CAMURÇA;5.0;30.8;BRASIL;Comprado;AMPLIAÇÃO CQ;125
xlsx-25-05-26-row-0126;04;SETOR 4 - SALA DA QUALIDADE;25612;2025-06-19;38010;2025-06-26;MARIO TELHAS COMERCIO DE MATERIAIS DE CONSTRUÇÃO;AREIA;8.0;1126.4;BRASIL;Comprado;AMPLIAÇÃO CQ;126
xlsx-25-05-26-row-0127;04;SETOR 4 - SALA DA QUALIDADE;25612;2025-06-19;38010;2025-06-26;MARIO TELHAS COMERCIO DE MATERIAIS DE CONSTRUÇÃO;LIGA PARAISO ( SACO 20KG);15.0;145.2;BRASIL;Comprado;AMPLIAÇÃO CQ;127
xlsx-25-05-26-row-0128;04;SETOR 4 - SALA DA QUALIDADE;25612;2025-06-19;38010;2025-06-26;MARIO TELHAS COMERCIO DE MATERIAIS DE CONSTRUÇÃO;CARRINHO DE MAO;1.0;152.68;BRASIL;Comprado;AMPLIAÇÃO CQ;128
xlsx-25-05-26-row-0129;04;SETOR 4 - SALA DA QUALIDADE;25612;2025-06-19;38010;2025-06-26;MARIO TELHAS COMERCIO DE MATERIAIS DE CONSTRUÇÃO;DESEMPENADEIRA PLASTICA 12X28 CM;1.0;13.28;BRASIL;Comprado;AMPLIAÇÃO CQ;129
xlsx-25-05-26-row-0130;04;SETOR 4 - SALA DA QUALIDADE;25612;2025-06-19;38010;2025-06-26;MARIO TELHAS COMERCIO DE MATERIAIS DE CONSTRUÇÃO;DESEMPENADEIRA MADEIRA 19X29 CM;1.0;24.08;BRASIL;Comprado;AMPLIAÇÃO CQ;130
xlsx-25-05-26-row-0131;04;SETOR 4 - SALA DA QUALIDADE;25612;2025-06-19;38010;2025-06-26;MARIO TELHAS COMERCIO DE MATERIAIS DE CONSTRUÇÃO;REGUA DE ALUMINIO 2,5M;1.0;54.96;BRASIL;Comprado;AMPLIAÇÃO CQ;131
xlsx-25-05-26-row-0132;04;SETOR 4 - SALA DA QUALIDADE;25612;2025-06-19;38011;2025-06-26;MYSA S/A;ESPAÇADOR NIVELADOR 2MM SACOS C/ 50 UNID.;10.0;243.84;BRASIL;Comprado;AMPLIAÇÃO CQ;132
xlsx-25-05-26-row-0133;04;SETOR 4 - SALA DA QUALIDADE;25612;2025-06-19;38011;2025-06-26;MYSA S/A;REJUNTE QUARTZOLIT P/ PORCELANATO 1KG;15.0;199.47;BRASIL;Comprado;AMPLIAÇÃO CQ;133
xlsx-25-05-26-row-0134;04;SETOR 4 - SALA DA QUALIDADE;25612;2025-06-19;38011;2025-06-26;MYSA S/A;ARGAMASSA;10.0;197.9;BRASIL;Comprado;AMPLIAÇÃO CQ;134
xlsx-25-05-26-row-0135;04;SETOR 4 - SALA DA QUALIDADE;25612;2025-06-19;38011;2025-06-26;MYSA S/A;SIFAO SANFONADO UNIVERSAL BRANCO;4.0;19.36;BRASIL;Comprado;AMPLIAÇÃO CQ;135
xlsx-25-05-26-row-0136;04;SETOR 4 - SALA DA QUALIDADE;25612;2025-06-19;38011;2025-06-26;MYSA S/A;JOELHO ESGOTO 40X45;4.0;8.04;BRASIL;Comprado;AMPLIAÇÃO CQ;136
xlsx-25-05-26-row-0137;04;SETOR 4 - SALA DA QUALIDADE;25612;2025-06-19;38011;2025-06-26;MYSA S/A;PORCELANATO;130.83;6474.78;BRASIL;Comprado;AMPLIAÇÃO CQ;137
xlsx-25-05-26-row-0138;04;SETOR 4 - SALA DA QUALIDADE;25612;2025-06-19;38011;2025-06-26;MYSA S/A;LAVATORIO 53CM BRANCO;1.0;232.4;BRASIL;Comprado;AMPLIAÇÃO CQ;138
xlsx-25-05-26-row-0139;04;SETOR 4 - SALA DA QUALIDADE;25612;2025-06-19;38011;2025-06-26;MYSA S/A;JOELHO 90° PVC SOLDAVEL 25 MM;10.0;6.9;BRASIL;Comprado;AMPLIAÇÃO CQ;139
xlsx-25-05-26-row-0140;04;SETOR 4 - SALA DA QUALIDADE;25612;2025-06-19;38011;2025-06-26;MYSA S/A;REGISTRO SOLDAVEL PVC 25MM;2.0;30.24;BRASIL;Comprado;AMPLIAÇÃO CQ;140
xlsx-25-05-26-row-0141;04;SETOR 4 - SALA DA QUALIDADE;25612;2025-06-19;38011;2025-06-26;MYSA S/A;VALVULA LAVATORIO C/ PORTAL METAL 7CM;1.0;8.31;BRASIL;Comprado;AMPLIAÇÃO CQ;141
xlsx-25-05-26-row-0142;04;SETOR 4 - SALA DA QUALIDADE;25612;2025-06-19;38011;2025-06-26;MYSA S/A;DUCHA HIGIENICA;3.0;346.08;BRASIL;Comprado;AMPLIAÇÃO CQ;142
xlsx-25-05-26-row-0143;04;SETOR 4 - SALA DA QUALIDADE;25612;2025-06-19;38011;2025-06-26;MYSA S/A;ENGATE FLEXÍVEL PVC DE 50CM;5.0;31.4;BRASIL;Comprado;AMPLIAÇÃO CQ;143
xlsx-25-05-26-row-0144;04;SETOR 4 - SALA DA QUALIDADE;25612;2025-06-19;38011;2025-06-26;MYSA S/A;TORNEIRA LAVATÓRIO AUTOMÁTICA;1.0;183.59;BRASIL;Comprado;AMPLIAÇÃO CQ;144
xlsx-25-05-26-row-0145;04;SETOR 4 - SALA DA QUALIDADE;25612;2025-06-19;38011;2025-06-26;MYSA S/A;REJUNTE EXTRA FINO 1KG;5.0;99.1;BRASIL;Comprado;AMPLIAÇÃO CQ;145
xlsx-25-05-26-row-0146;04;SETOR 4 - SALA DA QUALIDADE;25612;2025-06-19;38011;2025-06-26;MYSA S/A;TUBO PVC ESGOTO 40MM;1.0;76.38;BRASIL;Comprado;AMPLIAÇÃO CQ;146
xlsx-25-05-26-row-0147;04;SETOR 4 - SALA DA QUALIDADE;25612;2025-06-19;38011;2025-06-26;MYSA S/A;TE SOLDAVEL C/ BUCHA LATAO 90º RE. 25MM X 3/4;2.0;26.98;BRASIL;Comprado;AMPLIAÇÃO CQ;147
xlsx-25-05-26-row-0148;04;SETOR 4 - SALA DA QUALIDADE;25612;2025-06-19;38011;2025-06-26;MYSA S/A;JOELHO 90° SOLD BC LT 25MM X 1/2;10.0;54.0;BRASIL;Comprado;AMPLIAÇÃO CQ;148
xlsx-25-05-26-row-0149;04;SETOR 4 - SALA DA QUALIDADE;25612;2025-06-19;38011;2025-06-26;MYSA S/A;REVESTIMENTO 33 X60CM P/ BANHEIRO;32.32;872.32;BRASIL;Comprado;AMPLIAÇÃO CQ;149
xlsx-25-05-26-row-0150;04;SETOR 4 - SALA DA QUALIDADE;25612;2025-06-19;38011;2025-06-26;MYSA S/A;CUNHA P/ NIVELAMENTO BASÍCO SACOS C/50 UNID.;10.0;105.6;BRASIL;Comprado;AMPLIAÇÃO CQ;150
xlsx-25-05-26-row-0151;04;SETOR 4 - SALA DA QUALIDADE;26495;2025-07-11;38291;2025-07-11;COMERCIAL TJ ELETRICA E HIDRAULICA;CIRANDA P/ MINERAL 1,20 MT;1.0;135.0;BRASIL;Comprado;AMPLIAÇÃO CQ;151
xlsx-25-05-26-row-0152;04;SETOR 4 - SALA DA QUALIDADE;26857;2025-07-16;38342;2025-07-16;COMERCIAL TJ ELETRICA E HIDRAULICA;SACO DE CIMENTO CPIII;35.0;1195.25;BRASIL;Comprado;AMPLIAÇÃO CQ;152
xlsx-25-05-26-row-0153;04;SETOR 4 - SALA DA QUALIDADE;26857;2025-07-16;38342;2025-07-16;COMERCIAL TJ ELETRICA E HIDRAULICA;LIGA PARAISO ( SACO 20KG);25.0;242.0;BRASIL;Comprado;AMPLIAÇÃO CQ;153
xlsx-25-05-26-row-0154;04;SETOR 4 - SALA DA QUALIDADE;26972;2025-07-17;38553;2025-07-28;COTIMA COMERCIO DE TINTAS MACAE LTDA;MASSA CORRIDA 25KG;15.0;511.65;BRASIL;Comprado;AMPLIAÇÃO CQ;154
xlsx-25-05-26-row-0155;04;SETOR 4 - SALA DA QUALIDADE;26972;2025-07-17;38553;2025-07-28;COTIMA COMERCIO DE TINTAS MACAE LTDA;SELADOR DE ACRILICO;2.0;284.8;BRASIL;Comprado;AMPLIAÇÃO CQ;155
xlsx-25-05-26-row-0156;04;SETOR 4 - SALA DA QUALIDADE;27089;2025-07-23;38593;2025-07-30;APTEX COMERCIO DE MOVEIS DE ESCRITÓRIO EIRELLI;SERVIÇO DE INSTALAÇÃO FORRO E DRYWALL;1.0;47887.0;BRASIL;Comprado;AMPLIAÇÃO CQ;156
xlsx-25-05-26-row-0157;04;SETOR 4 - SALA DA QUALIDADE;27381;2025-08-14;38896;2025-08-18;COTIMA COMERCIO DE TINTAS MACAE LTDA;MASSA CORRIDA 25KG;8.0;969.36;BRASIL;Comprado;AMPLIAÇÃO CQ;157
xlsx-25-05-26-row-0158;04;SETOR 4 - SALA DA QUALIDADE;27381;2025-08-14;38896;2025-08-18;COTIMA COMERCIO DE TINTAS MACAE LTDA;LIXA P/ PAREDE 150;30.0;27.6;BRASIL;Comprado;AMPLIAÇÃO CQ;158
xlsx-25-05-26-row-0159;04;SETOR 4 - SALA DA QUALIDADE;27381;2025-08-14;38896;2025-08-18;COTIMA COMERCIO DE TINTAS MACAE LTDA;LIXA P/ MADEIRA 180;30.0;27.9;BRASIL;Comprado;AMPLIAÇÃO CQ;159
xlsx-25-05-26-row-0160;04;SETOR 4 - SALA DA QUALIDADE;27381;2025-08-14;38896;2025-08-18;COTIMA COMERCIO DE TINTAS MACAE LTDA;TINTA ACRILICA CORAL COR: BRANCA 18LT;2.0;859.88;BRASIL;Comprado;AMPLIAÇÃO CQ;160
xlsx-25-05-26-row-0161;04;SETOR 4 - SALA DA QUALIDADE;27381;2025-08-14;38896;2025-08-18;COTIMA COMERCIO DE TINTAS MACAE LTDA;MASSA ACRILICA 25KG;2.0;541.32;BRASIL;Comprado;AMPLIAÇÃO CQ;161
xlsx-25-05-26-row-0162;04;SETOR 4 - SALA DA QUALIDADE;27465;2025-08-21;38994;2025-08-22;A M DE SOUZA GOMES COMER DE FERRAM LTDA ­ ME;SERRA MARMORE;1.0;467.39;BRASIL;Comprado;AMPLIAÇÃO CQ;162
xlsx-25-05-26-row-0163;04;SETOR 4 - SALA DA QUALIDADE;27610;2025-09-02;39196;2025-09-03;APC DISTRIBUIDORA DE TINTAS LTDA;LIXA P/ MADEIRA 180;10.0;5.3;BRASIL;Comprado;AMPLIAÇÃO CQ;163
xlsx-25-05-26-row-0164;04;SETOR 4 - SALA DA QUALIDADE;27610;2025-09-02;39196;2025-09-03;APC DISTRIBUIDORA DE TINTAS LTDA;TINTA ACRILICA CORAL COR: BRANCA 18LT;1.0;354.15;BRASIL;Comprado;AMPLIAÇÃO CQ;164
xlsx-25-05-26-row-0165;04;SETOR 4 - SALA DA QUALIDADE;27610;2025-09-02;39196;2025-09-03;APC DISTRIBUIDORA DE TINTAS LTDA;TINTA ESMALTE SINTETICO BASE AGUA FOSCO BRANCO 3,6L;3.6;131.73;BRASIL;Comprado;AMPLIAÇÃO CQ;165
xlsx-25-05-26-row-0166;04;SETOR 4 - SALA DA QUALIDADE;27610;2025-09-02;39196;2025-09-03;APC DISTRIBUIDORA DE TINTAS LTDA;LIXA P/ PAREDE 150;10.0;5.3;BRASIL;Comprado;AMPLIAÇÃO CQ;166
xlsx-25-05-26-row-0167;04;SETOR 4 - SALA DA QUALIDADE;27656;2025-09-03;39258;2025-09-05;GVR UTILIDADES DO LAR LTDA;UTENSILIOS DOMESTICO;2.0;15.8;BRASIL;Comprado;AMPLIAÇÃO CQ;167
xlsx-25-05-26-row-0168;04;SETOR 4 - SALA DA QUALIDADE;27656;2025-09-03;39259;2025-09-05;DISCAPEL RECREIO COMERCIO VAREJISTA E ATACADISTA L;UTENSILIOS DOMESTICO;1.0;44.05;BRASIL;Comprado;AMPLIAÇÃO CQ;168
xlsx-25-05-26-row-0169;04;SETOR 4 - SALA DA QUALIDADE;28190;2025-10-20;41867;2026-01-13;E G ALVARENGA MOVEIS PLANEJADOS;SERVIÇOS DIVERSIFICADOS NÃO LIGADOS A PRODUÇÃO;1.0;3055.0;BRASIL;Comprado;AMPLIAÇÃO CQ;169
xlsx-25-05-26-row-0170;04;SETOR 4 - SALA DA QUALIDADE;29530;2025-11-19;41271;2025-12-15;A M DE SOUZA GOMES COMER DE FERRAM LTDA ­ ME;FITA ANTIDERRAPANTE LIXA AUTOADESIVA ZEBRADA AMARELA E PRETA TIPO LIXA 50MMX20MTS;2.0;273.38;BRASIL;Comprado;AMPLIAÇÃO CQ;170
xlsx-25-05-26-row-0171;04;SETOR 4 - SALA EPI;26865;2025-07-16;38459;2025-07-23;LAGOS TELHAS LTDA;TELHA TRAPEZOIDAL GALVANIZADA 6 X 1,10 X 0,43M;30.0;6819.66;BRASIL;Comprado;AMPLIAÇÃO SMS;171
xlsx-25-05-26-row-0172;04;SETOR 4 - SALA EPI;27688;2025-09-12;39473;2025-09-18;CASA BELLA DE MACAE MATERIAL DE CONSTRUCAO LTDA;SACO DE CIMENTO CPIII;11.0;346.5;BRASIL;Comprado;AMPLIAÇÃO SMS;172
xlsx-25-05-26-row-0173;06A;SETOR 6A;28415;2025-10-28;40711;2025-11-18;J B DISTRIBUIDORA DE EMBALAGENS E PRODUTOS EM GERA;TAMBOR METÁLICO 200 LITROS (VAZIO);20.0;1800.0;BRASIL;Comprado;OPERACIONAL;173
xlsx-25-05-26-row-0174;06;SETOR 6;24461;2025-02-17;36065;2025-02-21;DINAMICA NEGOCIOS E SERVICOS LTDA;SACO DE CIMENTO CPIII;8.0;284.0;BRASIL;Comprado;CIVIL;174
xlsx-25-05-26-row-0175;06;SETOR 6;;2025-09-02;;;ANCO BLAST Equipamentos;Câmara de trabalho em chapa de aço carbono;1.0;396880.0;BRASIL;Orçamento não Aprovado;OPERACIONAL;175
xlsx-25-05-26-row-0176;06;SETOR 6;;2025-09-03;;;ANCO BLAST Equipamentos;Revestimento interno da câmara de trabalho;1.0;48667.0;BRASIL;Orçamento não Aprovado;OPERACIONAL;176
xlsx-25-05-26-row-0177;06;SETOR 6;;2025-09-04;;;ANCO BLAST Equipamentos;Portas e batentes de fixação;1.0;66960.0;BRASIL;Orçamento não Aprovado;OPERACIONAL;177
xlsx-25-05-26-row-0178;06;SETOR 6;;2025-09-05;;;ANCO BLAST Equipamentos;Luminárias para câmara de trabalho (21 unidades);21.0;47481.0;BRASIL;Orçamento não Aprovado;ELÉTRICA;178
xlsx-25-05-26-row-0179;06;SETOR 6;;2025-09-06;;;ANCO BLAST Equipamentos;Sistema transportador vertical – elevador de canecas 6030;1.0;56325.0;BRASIL;Orçamento não Aprovado;OPERACIONAL;179
xlsx-25-05-26-row-0180;06;SETOR 6;;2025-09-07;;;ANCO BLAST Equipamentos;Separador de abrasivos;1.0;30427.0;BRASIL;Orçamento não Aprovado;OPERACIONAL;180
xlsx-25-05-26-row-0181;06;SETOR 6;;2025-09-08;;;ANCO BLAST Equipamentos;Cavalete;1.0;7061.0;BRASIL;Orçamento não Aprovado;OPERACIONAL;181
xlsx-25-05-26-row-0182;06;SETOR 6;;2025-09-09;;;ANCO BLAST Equipamentos;Silos de armazenagem 150 litros cada (02 unidades);2.0;8130.0;BRASIL;Orçamento não Aprovado;OPERACIONAL;182
xlsx-25-05-26-row-0183;06;SETOR 6;;2025-09-10;;;ANCO BLAST Equipamentos;Máquinas de jato com acessórios e E.P.I (02 unidades);2.0;78538.0;BRASIL;Orçamento não Aprovado;OPERACIONAL;183
xlsx-25-05-26-row-0184;06;SETOR 6;;2025-09-11;;;ANCO BLAST Equipamentos;Quadro elétrico e de comando;1.0;48246.0;BRASIL;Orçamento não Aprovado;ELÉTRICA;184
xlsx-25-05-26-row-0185;06;SETOR 6;;2025-09-12;;;ANCO BLAST Equipamentos;Vagoneta de movimentação peças;1.0;59530.0;BRASIL;Orçamento não Aprovado;OPERACIONAL;185
xlsx-25-05-26-row-0186;06;SETOR 6;41869;2026-02-12;42517;2026-02-24;FORT CONSTRUCOES COMERCIO E SERVICOS LTDA;AMPLIAÇÃO DA CABINE DE JATO;1.0;25000.0;BRASIL;Comprado;OPERACIONAL;186
xlsx-25-05-26-row-0187;06;SETOR 6;;2026-09-02;;;ANCO BLAST Equipamentos - opção 1;Sistema transportador vertical – elevador de canecas 6630;1.0;62108.0;BRASIL;Orçamento não Aprovado;OPERACIONAL;187
xlsx-25-05-26-row-0188;06;SETOR 6;;2026-09-02;;;ANCO BLAST Equipamentos - opção 1;Separador de abrasivos;1.0;31948.0;BRASIL;Orçamento não Aprovado;OPERACIONAL;188
xlsx-25-05-26-row-0189;06;SETOR 6;;2026-09-02;;;ANCO BLAST Equipamentos - opção 1;Cavalete;1.0;7414.0;BRASIL;Orçamento não Aprovado;OPERACIONAL;189
xlsx-25-05-26-row-0190;06;SETOR 6;;2026-09-02;;;ANCO BLAST Equipamentos - opção 1;Silos de armazenagem 150 litros cada (02 unidades);2.0;8536.0;BRASIL;Orçamento não Aprovado;OPERACIONAL;190
xlsx-25-05-26-row-0191;06;SETOR 6;;2026-09-02;;;ANCO BLAST Equipamentos - opção 1;Máquinas de jato com acessórios e E.P.I (02 unidades);2.0;82465.0;BRASIL;Orçamento não Aprovado;OPERACIONAL;191
xlsx-25-05-26-row-0192;06;SETOR 6;;2026-09-02;;;ANCO BLAST Equipamentos - opção 1;Coletor de pó DC 02 com exaustor;1.0;39657.0;BRASIL;Orçamento não Aprovado;OPERACIONAL;192
xlsx-25-05-26-row-0193;06;SETOR 6;;2026-09-02;;;ANCO BLAST Equipamentos - opção 1;Quadro elétrico e de comando;1.0;36078.0;BRASIL;Orçamento não Aprovado;ELÉTRICA;193
xlsx-25-05-26-row-0194;06;SETOR 6;;2026-09-02;;;ANCO BLAST Equipamentos - opção 2;Sistema transportador vertical – elevador de canecas 7030;1.0;64544.0;BRASIL;Orçamento não Aprovado;OPERACIONAL;194
xlsx-25-05-26-row-0195;06;SETOR 6;;2026-09-02;;;ANCO BLAST Equipamentos - opção 2;Separador de abrasivos;1.0;31948.0;BRASIL;Orçamento não Aprovado;OPERACIONAL;195
xlsx-25-05-26-row-0196;06;SETOR 6;;2026-09-02;;;ANCO BLAST Equipamentos - opção 2;Cavalete com silo 800 litros;1.0;35484.0;BRASIL;Orçamento não Aprovado;OPERACIONAL;196
xlsx-25-05-26-row-0197;06;SETOR 6;;2026-09-02;;;ANCO BLAST Equipamentos - opção 2;Silos de armazenagem 150 litros cada (02 unidades);2.0;8536.0;BRASIL;Orçamento não Aprovado;OPERACIONAL;197
xlsx-25-05-26-row-0198;06;SETOR 6;;2026-09-02;;;ANCO BLAST Equipamentos - opção 2;Máquinas de jato com acessórios e E.P.I (02 unidades);2.0;82465.0;BRASIL;Orçamento não Aprovado;OPERACIONAL;198
xlsx-25-05-26-row-0199;06;SETOR 6;;2026-09-02;;;ANCO BLAST Equipamentos - opção 2;Coletor de pó DC 02 com exaustor;1.0;39657.0;BRASIL;Orçamento não Aprovado;OPERACIONAL;199
xlsx-25-05-26-row-0200;06;SETOR 6;;2026-09-02;;;ANCO BLAST Equipamentos - opção 2;Quadro elétrico e de comando;1.0;36078.0;BRASIL;Orçamento não Aprovado;ELÉTRICA;200
xlsx-25-05-26-row-0201;07;SETOR 7;;;;;SORDI;FORNECIMENTO DE MÃO DE OBRA E EQUIPAMENTOS PARA EXECUÇÃO DE PROJETO ESTRUTURAL DE PÓRTICO;1.0;13915.66;BRASIL;Cancelado;PROJETO;201
xlsx-25-05-26-row-0202;07A;SETOR 7A;;;;;AWC SOL ENGENHARIA;GALPÃO PRÉ-MOLDADOS - ESTRUTURA (GALPÃO);1.0;148500.0;BRASIL;Cancelado;ESTRUTURAL;202
xlsx-25-05-26-row-0203;07A;SETOR 7A;;;;;AWC SOL ENGENHARIA;GALPÃO PRÉ-MOLDADOS - TELHA;1.0;15282.42;BRASIL;Cancelado;ESTRUTURAL;203
xlsx-25-05-26-row-0204;07A;SETOR 7A;;;;;AWC SOL ENGENHARIA;GALPÃO PRÉ-MOLDADOS - PAINÉIS DE FECHAMENTO;1.0;109200.0;BRASIL;Cancelado;ESTRUTURAL;204
xlsx-25-05-26-row-0205;07B;SETOR 7B;41850;19/02/2026;42692;03/03/2026;RIOS & CORTES LTDA;COLUNA DE FERRO 5/16 20X7;18.0;1782.0;BRASIL;Comprado;CIVIL;205
xlsx-25-05-26-row-0206;07B;SETOR 7B;41850;19/02/2026;42692;03/03/2026;RIOS & CORTES LTDA;PEDRA BRITADA;3.0;597.0;BRASIL;Comprado;CIVIL;206
xlsx-25-05-26-row-0207;07B;SETOR 7B;41850;19/02/2026;42699;03/03/2026;EDFER - COMERCIO DE FERRO E ACO LTDA;"PERFIL AC U SIMPLES 5"" 130 X 40 X 2,65 ESP";60.0;1938.0;BRASIL;Comprado;ESTRUTURAL;207
xlsx-25-05-26-row-0208;07B;SETOR 7B;41850;19/02/2026;42693;03/03/2026;LAGOS TELHAS LTDA;TELHA TRAPEZOIDAL GALVANIZADA 6 X 1,10 X 0,43M;15.0;4132.8;BRASIL;Comprado;ESTRUTURAL;208
xlsx-25-05-26-row-0209;07B;SETOR 7B;41850;19/02/2026;42692;03/03/2026;RIOS & CORTES LTDA;RADIES 5/16 70X70;4.0;159.6;BRASIL;Comprado;CIVIL;209
xlsx-25-05-26-row-0210;07B;SETOR 7B;41850;19/02/2026;42692;03/03/2026;RIOS & CORTES LTDA;MALHA 3.4 Q.61 15 X 15 3 X 2;15.0;1198.5;BRASIL;Comprado;CIVIL;210
xlsx-25-05-26-row-0211;07B;SETOR 7B;41850;19/02/2026;;;;BETONEIRA 400L PRIME C/MOTOR MONO 2CV 220V 60HZ 4P C/KIT SEGURANCA BIVOLT;1.0;0.0;BRASIL;Em Orçamento;CIVIL;211
xlsx-25-05-26-row-0212;07B;SETOR 7B;41850;19/02/2026;42692;03/03/2026;RIOS & CORTES LTDA;SACO DE CIMENTO CPIII;25.0;997.5;BRASIL;Comprado;CIVIL;212
xlsx-25-05-26-row-0213;07B;SETOR 7B;41850;19/02/2026;42692;03/03/2026;RIOS & CORTES LTDA;AREIA;4.0;596.0;BRASIL;Comprado;CIVIL;213
xlsx-25-05-26-row-0214;07B;SETOR 7B;41850;19/02/2026;42692;03/03/2026;RIOS & CORTES LTDA;CARRINHO DE MAO;1.0;179.0;BRASIL;Comprado;CIVIL;214
xlsx-25-05-26-row-0215;07C;SETOR 7C;;;;;ENTER;CONSTRUÇÃO DO LABORATORIO - OPÇÃO 1;1.0;38376.75;BRASIL;Em Orçamento;ESTRUTURAL;215
xlsx-25-05-26-row-0216;07C;SETOR 7C;;;;;ENTER;CONSTRUÇÃO DO LABORATORIO - OPÇÃO 2;1.0;40894.8;BRASIL;Em Orçamento;ESTRUTURAL;216
xlsx-25-05-26-row-0217;09;SETOR 9;;;;;DIAMETTRO;CONSTRUÇÃO DE SALA DE TREINAMENTO E SALA HSSE;1.0;192136.0;BRASIL;Orçamento não Aprovado;ESTRUTURAL;217
xlsx-25-05-26-row-0218;09;SETOR 9;;;;;ENTER;CONSTRUÇÃO DE SALA DE TREINAMENTO E SALA HSSE;1.0;495386.0;BRASIL;Orçamento não Aprovado;ESTRUTURAL;218
xlsx-25-05-26-row-0219;02;SETOR 2;;;;;COMPRA DE CABOS ELÉTRICOS PARA LIGAÇÃO DO PAINEL 380V;COMPRA DE CABOS ELÉTRICOS PARA LIGAÇÃO DO PAINEL 380V;0.0;0.0;BRASIL;Em Orçamento;ELÉTRICA;219
xlsx-25-05-26-row-0220;02;SETOR 2;;;42553;2026-02-24;COMPRA DE LUMINÁRIAS;COMPRA DE LUMINÁRIAS;0.0;600.0;BRASIL;Comprado;ELÉTRICA;220
xlsx-25-05-26-row-0221;02;SETOR 2;;;;;COMPRA DE PAINÉIS ELÉTRICOS;COMPRA DE PAINÉIS ELÉTRICOS;0.0;0.0;BRASIL;Em Orçamento;ELÉTRICA;221
xlsx-25-05-26-row-0222;02;SETOR 2;;;;;COMPRA DE ELETROCALHAS;COMPRA DE ELETROCALHAS;0.0;0.0;BRASIL;Em Orçamento;ELÉTRICA;222
xlsx-25-05-26-row-0223;03;SETOR 3;;;;;COMPRA DE CABOS ELÉTRICOS;COMPRA DE CABOS ELÉTRICOS;1.0;0.0;BRASIL;Em Orçamento;ELÉTRICA;223
xlsx-25-05-26-row-0224;03;SETOR 3;;;;;PINTURA E DEMARCAÇÕES DA ÁREA;PINTURA E DEMARCAÇÕES DA ÁREA;0.0;0.0;BRASIL;Em Orçamento;ELÉTRICA;224
xlsx-25-05-26-row-0225;04;SETOR 4;;2025-12-18;42924;2026-03-12;HENAN ZHONGGONG GROUP.;PÓRTICO PORTÁTIL 2T - 5M – GANTRY CRANE;1.0;15756.18;CHINA;Comprado;ESTRUTURAL;225
xlsx-25-05-26-row-0226;04;SETOR 4;;2025-12-18;42924;2026-03-12;HENAN ZHONGGONG GROUP.;PÓRTICO PORTÁTIL 2T - 8M – GANTRY CRANE;2.0;55862.9;CHINA;Comprado;ESTRUTURAL;226
xlsx-25-05-26-row-0227;06;SETOR 6;;;;;METALCOATING;CABINE DE JATO;1.0;200000.0;BRASIL;Orçamento não Aprovado;ESTRUTURAL;227
xlsx-25-05-26-row-0228;06;SETOR 6;;;;;METALCOATING;TROLLER;1.0;75000.0;BRASIL;Orçamento não Aprovado;ESTRUTURAL;228
xlsx-25-05-26-row-0229;06;SETOR 6;;;;;METALCOATING;CAVALETES;0;20000.0;BRASIL;Orçamento não Aprovado;OPERACIONAL;229
xlsx-25-05-26-row-0230;07C;SETOR 7C;;;;;METALCOATING;BOBCAT;1.0;30000.0;BRASIL;Orçamento não Aprovado;ESTRUTURAL;230
xlsx-25-05-26-row-0231;07C;SETOR 7C;;;;;METALCOATING;LABORÁTORIO DE FBE | PULLOFF COMPLETO;1.0;400000.0;BRASIL;Orçamento não Aprovado;ESTRUTURAL;231
xlsx-25-05-26-row-0232;06;SETOR 6;41908;24/02/2026;42593;26/02/2026;CENTRAL DE AÇO MACAE LTDA;"DOBRADIÇA GONZO 1""";6.0;101.4;BRASIL;Comprado;ESTRUTURAL;232
xlsx-25-05-26-row-0233;06;SETOR 6;41908;24/02/2026;42594;26/02/2026;EDFER - COMERCIO DE FERRO E ACO LTDA;METALON DW 40 X 40 (CHAPA 18);48.0;705.6;BRASIL;Comprado;ESTRUTURAL;233
xlsx-25-05-26-row-0234;06;SETOR 6;41908;24/02/2026;42594;26/02/2026;EDFER - COMERCIO DE FERRO E ACO LTDA;CHAPA DE AÇO LISA 2,65 MM X 1200 MM X 3000 MM;3010.82;21015.52;BRASIL;Comprado;ESTRUTURAL;234
xlsx-25-05-26-row-0235;06;SETOR 6;41908;24/02/2026;42594;26/02/2026;EDFER - COMERCIO DE FERRO E ACO LTDA;"CANTONEIRA DE FERRO 2"" (50,8 X 50,8 X 1/4"")";60.0;2059.2;BRASIL;Comprado;ESTRUTURAL;235
xlsx-25-05-26-row-0236;15;SETOR 15;41908;24/02/2026;42594;26/02/2026;EDFER - COMERCIO DE FERRO E ACO LTDA;"BARRA CHATA 2 1/2"" X 1/4""";12.0;218.88;BRASIL;Comprado;ESTRUTURAL;236
xlsx-25-05-26-row-0237;07B;SETOR 7B;41934;26/02/2026;42608;27/02/2026;G5 EQUIPAMENTOS E CONSTRUCAO LTDA;LOCAÇÃO - COMPACTADORA DE SOLO;1.0;580.0;BRASIL;Comprado;ESTRUTURAL;237
xlsx-25-05-26-row-0238;14;SETOR 14;41832;12/02/2026;42524;24/02/2026;EDFER - COMERCIO DE FERRO E ACO LTDA;"PERFIL AC U SIMPLES 5"" 130 X 40 X 2,65 ESP";90.0;2907.0;BRASIL;Comprado;ESTRUTURAL;238
xlsx-25-05-26-row-0239;14;SETOR 14;41832;12/02/2026;42524;24/02/2026;EDFER - COMERCIO DE FERRO E ACO LTDA;FERRO U 6 ENRIJECIDO 150X60 CH 2.65;156.0;6542.64;BRASIL;Comprado;ESTRUTURAL;239
xlsx-25-05-26-row-0240;14;SETOR 14;41832;12/02/2026;42524;24/02/2026;EDFER - COMERCIO DE FERRO E ACO LTDA;PERFIL AC U SIMPLES 100 X 40 X 2,65 ESP;48.0;1169.76;BRASIL;Comprado;ESTRUTURAL;240
xlsx-25-05-26-row-0241;02;SETOR 2;41797;12/02/2026;042717;2026-03-04;RIOS & CORTES LTDA;PEDRA BRITADA;3.0;597.0;BRASIL;Comprado;CIVIL;241
xlsx-25-05-26-row-0242;02;SETOR 2;41797;12/02/2026;042717;2026-03-04;RIOS & CORTES LTDA;"VERGALHAO CA 50 5/16""";40.0;1916.0;BRASIL;Comprado;CIVIL;242
xlsx-25-05-26-row-0243;02;SETOR 2;41797;12/02/2026;042717;2026-03-04;RIOS & CORTES LTDA;AREIA;1.0;150.0;BRASIL;Comprado;ESTRUTURAL;243
xlsx-25-05-26-row-0244;02;SETOR 2;41797;12/02/2026;042717;2026-03-04;RIOS & CORTES LTDA;SACO DE CIMENTO CPIII;10.0;399.0;BRASIL;Comprado;CIVIL;244
xlsx-25-05-26-row-0245;02;SETOR 2;41797;12/02/2026;042717;2026-03-04;RIOS & CORTES LTDA;BLOCO DE CIMENTO 10X20X40;100.0;390.0;BRASIL;Comprado;CIVIL;245
xlsx-25-05-26-row-0246;14;SETOR 14;41792;12/02/2026;42449;15/02/2026;RAFIL SUPRIMENTOS OFFSHORE LTDA;PARAFUSO SEXTAVADO AUTOBROCANTE 12X4 ROSCA DUPLA 10,2CM;1000.0;2200.0;BRASIL;Comprado;ESTRUTURAL;246
xlsx-25-05-26-row-0247;14;SETOR 14;41792;12/02/2026;42450;15/02/2026;LAGOS TELHAS LTDA;TELHAS SANDUICHE H=100MM;168.0;20143.2;BRASIL;Comprado;ESTRUTURAL;247
xlsx-25-05-26-row-0248;14;SETOR 14;41792;12/02/2026;42449;15/02/2026;RAFIL SUPRIMENTOS OFFSHORE LTDA;FITA ANTICORROSIVA 100MM X 30M PRETA;5.0;1245.0;BRASIL;Comprado;OPERACIONAL;248
xlsx-25-05-26-row-0249;02;SETOR 2;41741;10/02/2026;42350;10/02/2026;COMERCIAL OFFSHORE MACAE PARAFUSOS E FERRAMENTAS;PARAFUSO GALVANIZADO PARA TELHAS CABEÇA 8 MM X 20 MM;1000.0;340.0;BRASIL;Comprado;ESTRUTURAL;249
xlsx-25-05-26-row-0250;02;SETOR 2;41741;10/02/2026;42350;10/02/2026;COMERCIAL OFFSHORE MACAE PARAFUSOS E FERRAMENTAS;PARAFUSO GALVANIZADO PARA TELHAS CABEÇA 8 MM X 20 MM;200.0;64.0;BRASIL;Comprado;ESTRUTURAL;250
xlsx-25-05-26-row-0251;03;SETOR 3;41705;09/02/2026;42397;12/02/2026;SOLDA BRASIL;CAVALETE DE TUBOS CABEÇA EM V REF. 781300;40.0;38920.0;BRASIL;Comprado;OPERACIONAL;251
xlsx-25-05-26-row-0252;03;SETOR 3;41642;04/02/2026;42276;05/02/2026;LAGOS TELHAS LTDA;TELHAS SANDUICHE H=100MM;102.4;12687.36;BRASIL;Comprado;ESTRUTURAL;252
xlsx-25-05-26-row-0253;03;SETOR 3;41532;28/01/2026;42113;28/01/2026;EDFER - COMERCIO DE FERRO E ACO LTDA;FERRO U 6 ENRIJECIDO 150X60 CH 2.65;78.0;3751.8;BRASIL;Comprado;ESTRUTURAL;253
xlsx-25-05-26-row-0254;03;SETOR 3;41273;12/01/2026;42141;29/01/2026;RAFIL SUPRIMENTOS OFFSHORE LTDA;PARAFUSO SEXTAVADO AUTOBROCANTE 12X4 ROSCA DUPLA 10,2CM;1800.0;3960.0;BRASIL;Comprado;ESTRUTURAL;254
xlsx-25-05-26-row-0255;15;SETOR 15;29970;2026-03-30;43409;2026-03-31;FORT CONSTRUCOES COMERCIO E SERVICOS LTDA;AUMENTAR DIVISORIA NO ESTOQUE;1.0;1000.0;BRASIL;Comprado;ESTRUTURAL;255
xlsx-25-05-26-row-0256;15;SETOR 15;29970;2026-03-30;43409;2026-03-31;FORT CONSTRUCOES COMERCIO E SERVICOS LTDA;FABRICAÇÃO E INSTALAÇÃO DE 1 PRATELEIRA NO ESTOQUE;1.0;8250.0;BRASIL;Comprado;ESTRUTURAL;256
xlsx-25-05-26-row-0257;03;SETOR 3;29851;2026-03-04;42923;2026-03-12;RAFIL SUPRIMENTOS OFFSHORE LTDA;TELHAS TRANSLUCIDAS DE POLIPROPILENO TRAPÉZIO;42.0;6022.87;BRASIL;Comprado;ESTRUTURAL;257
xlsx-25-05-26-row-0258;03;SETOR 3;42084;2026-03-11;42926;2026-03-12;RAFIL SUPRIMENTOS OFFSHORE LTDA;LUMINÁRIA DE LED 400W HIGHBAY;50.0;9604.0;BRASIL;Em Orçamento;ESTRUTURAL;258
xlsx-25-05-26-row-0259;15;SETOR 15;29970;2026-03-30;43409;2026-03-12;FORT CONSTRUCOES COMERCIO E SERVICOS LTDA;CONFECCIONAR MAIS 6 DIVISORIAS E 1 PRATELEIRAS;2.0;9250.0;BRASIL;Comprado;ESTRUTURAL;259
xlsx-25-05-26-row-0260;03;SETOR 3;42183;2026-03-16;43086;2026-03-19;MADEIREIRA OLIGRAN DE MACAE LTDA;COMPENSADO NAVAL 2,20 COMP. X 1,60M LARG. X 20 MM;30.0;8991.0;BRASIL;Comprado;ESTRUTURAL;260
xlsx-25-05-26-row-0261;03;SETOR 3;42183;2026-03-16;43087;2026-03-19;EDFER - COMERCIO DE FERRO E ACO LTDA;"BARRA CHATA 2"" X 1/4"" ESP. A36";72.0;1303.92;BRASIL;Comprado;ESTRUTURAL;261
xlsx-25-05-26-row-0262;03;SETOR 3;42183;2026-03-16;43087;2026-03-19;EDFER - COMERCIO DE FERRO E ACO LTDA;"CANTONEIRA ABAS IGUAIS 2"" X 2"" X 1/4"" ESP. A36";402.0;13700.16;BRASIL;Comprado;ESTRUTURAL;262
xlsx-25-05-26-row-0263;03;SETOR 3;42137;2026-03-16;43000;2026-03-19;EDFER - COMERCIO DE FERRO E ACO LTDA;METALON 60MM X 60MM X 3,2MM;192.0;15866.88;BRASIL;Comprado;ESTRUTURAL;263
xlsx-25-05-26-row-0264;03;SETOR 3;;;42708;2026-03-11;EDFER - COMERCIO DE FERRO E ACO LTDA;"PERFIL AC U SIMPLES 5"" 130 X 40 X 2,65 ESP";60.0;1938.0;BRASIL;Comprado;ESTRUTURAL;264
xlsx-25-05-26-row-0265;03;SETOR 3;;;;;CONUTWAY;ELECTRICAL CABLES;1.0;257204.98;CHINA;Orçamento não Aprovado;ELÉTRICA;265
xlsx-25-05-26-row-0266;04;SETOR 4;;;;;PARAGUASSU PROJETOS;AVALIAÇAO E CALCULO ESTRUTURAL PONTE;1.0;9000.0;BRASIL;Em Orçamento;ESTRUTURAL;266
xlsx-25-05-26-row-0267;06;SETOR 6;;;;;PARAGUASSU PROJETOS;AVALIAÇAO E CALCULO ESTRUTURAL MONORAIL;1.0;3600.0;BRASIL;Em Orçamento;ESTRUTURAL;267
xlsx-25-05-26-row-0268;06;SETOR 6;030065;;43604;2026-04-09;PARAGUASSU PROJETOS;AVALIAÇAO E CALCULO ESTRUTURAL GALPÃO DE PINTURA;1.0;3200.0;BRASIL;Comprado;ESTRUTURAL;268
xlsx-25-05-26-row-0269;07A;SETOR 7A;;;;;PARAGUASSU PROJETOS;AVALIAÇAO E CALCULO ESTRUTURAL PISO DO GALPÃO;1.0;2000.0;BRASIL;Em Orçamento;ESTRUTURAL;269
xlsx-25-05-26-row-0270;01;SETOR 1;;;;;PARAGUASSU PROJETOS;AVALIAÇAO E CALCULO ESTRUTURAL GALPÃP DE ARMAZENAMENTO;1.0;2200.0;BRASIL;Em Orçamento;ESTRUTURAL;270
xlsx-25-05-26-row-0271;06;SETOR 6;;;;;SHANDONG KAITAI;MECHANICAL SAND RECOVERY SYSTEM - SISTEMA DE JATO - VER_0;1.0;66907.5;CHINA;Em Orçamento;OPERACIONAL;271
xlsx-25-05-26-row-0272;06;SETOR 6;;;43932;2026-04-27;SHANDONG KAITAI;MECHANICAL SAND RECOVERY SYSTEM - SISTEMA DE JATO - VER_1;1.0;124306.88;CHINA;Comprado;OPERACIONAL;272
xlsx-25-05-26-row-0273;06;SETOR 6;030225;2026-04-10;43629;2026-04-13;HENAN ZHONGGONG GROUP.;Trackless Transfer Cart DWP-2T - Plataforma eletrica;3.0;91426.5;CHINA;Comprado;OPERACIONAL;273
xlsx-25-05-26-row-0274;06;SETOR 6;;;;2026-04-13;HENAN ZHONGGONG GROUP.;Trackless Transfer Cart DWP-10T - Plataforma eletrica;1.0;56157.75;CHINA;Orçamento não Aprovado;OPERACIONAL;274
xlsx-25-05-26-row-0275;06;SETOR 6;030310;2026-04-10;43652;2026-04-13;EDFER - COMERCIO DE FERRO E ACO LTDA;"CANTONEIRA ABAS IGUAIS 2"" X 2"" X 1/4"" ESP. A36";108.0;3930.12;BRASIL;Comprado;ESTRUTURAL;275
xlsx-25-05-26-row-0276;15;SETOR 15;030310;2026-04-10;43652;2026-04-13;EDFER - COMERCIO DE FERRO E ACO LTDA;"BARRA CHATA 2"" X 1/4"" ESP. A36";36.0;695.88;BRASIL;Comprado;ESTRUTURAL;276
xlsx-25-05-26-row-0277;15;SETOR 15;030272;2026-04-10;43646;2026-04-13;EDFER - COMERCIO DE FERRO E ACO LTDA;PERFIL AC U SIMPLES 100 X 40 X 2,65 ESP;96.0;2476.8;BRASIL;Comprado;ESTRUTURAL;277
xlsx-25-05-26-row-0278;07A;SETOR 7A;030272;2026-04-10;43646;2026-04-13;EDFER - COMERCIO DE FERRO E ACO LTDA;PERFIL AC UDC ENRIJECIDO 75 X 40 X 15 X 2MM ESP;252.0;4838.4;BRASIL;Comprado;ESTRUTURAL;278
xlsx-25-05-26-row-0279;07A;SETOR 7A;030272;2026-04-10;43646;2026-04-13;EDFER - COMERCIO DE FERRO E ACO LTDA;PERFIL W150 X 22,50 KG/M ASTM A36 GR.B;24.0;4806.0;BRASIL;Comprado;ESTRUTURAL;279
xlsx-25-05-26-row-0280;07A;SETOR 7A;030272;2026-04-10;43646;2026-04-13;EDFER - COMERCIO DE FERRO E ACO LTDA;PERFIL U - 92MM X 30MM X 2,25MM - A36;120.0;2016.0;BRASIL;Comprado;ESTRUTURAL;280
xlsx-25-05-26-row-0281;07A;SETOR 7A;030270;2026-04-10;43649;2026-04-13;EDFER - COMERCIO DE FERRO E ACO LTDA;"CANTONEIRA ABAS IGUAIS 2"" X 2"" X 1/4"" ESP. A36";18.0;622.08;BRASIL;Comprado;ESTRUTURAL;281
xlsx-25-05-26-row-0282;06;SETOR 6;030270;2026-04-10;43649;2026-04-13;EDFER - COMERCIO DE FERRO E ACO LTDA;"CANTONEIRA ABAS IGUAIS 2 1/2"" X 2 1/2"" X 3/16"" ESP. A36";36.0;1188.0;BRASIL;Comprado;ESTRUTURAL;282
xlsx-25-05-26-row-0283;06;SETOR 6;030270;2026-04-10;43649;2026-04-13;EDFER - COMERCIO DE FERRO E ACO LTDA;METALON 60MM X 60MM X 3,2MM;156.0;12891.84;BRASIL;Comprado;ESTRUTURAL;283
xlsx-25-05-26-row-0284;06;SETOR 6;030270;2026-04-10;43649;2026-04-13;EDFER - COMERCIO DE FERRO E ACO LTDA;METALON DW 40 X 40 (CHAPA 18);42.0;604.8;BRASIL;Comprado;ESTRUTURAL;284
xlsx-25-05-26-row-0285;06;SETOR 6;030270;2026-04-10;43649;2026-04-13;EDFER - COMERCIO DE FERRO E ACO LTDA;CHAPA DE AÇO LISA 2,65 MM X 1200 MM X 3000 MM;1957.04;14286.39;BRASIL;Comprado;ESTRUTURAL;285
xlsx-25-05-26-row-0286;06;SETOR 6;030275;2026-04-11;43662;2026-04-14;FORT CONSTRUCOES COMERCIO E SERVICOS LTDA;CONSTRUÇÃO DE MAIS DOIS MÓDULOS CABINE DE JATO COM PORTÕES;1.0;20000.0;BRASIL;Comprado;ESTRUTURAL;286
xlsx-25-05-26-row-0287;07A;SETOR 7A;030275;2026-04-11;43662;2026-04-14;FORT CONSTRUCOES COMERCIO E SERVICOS LTDA;FABRICAÇÃO E INSTALAÇÃO DE COBERTURA E PAINEL LATERAL;1.0;18000.0;BRASIL;Comprado;ESTRUTURAL;287
xlsx-25-05-26-row-0288;03;SETOR 3;;;43483;2026-04-02;DIMENSIONAL CENTELHA SOLUÇOES LTDA;CABO FLEXIVEL 1KV HEPR 1X100MM² E 150MM²;1000.0;81205.0;BRASIL;Comprado;ESTRUTURAL;288
xlsx-25-05-26-row-0289;03;SETOR 3;;;43483;2026-04-02;DIMENSIONAL CENTELHA SOLUÇOES LTDA;QUADRO BRUM 1000X600X200MM REF:BRCE-100.60.20F;1.0;1189.93;BRASIL;Comprado;ESTRUTURAL;289
xlsx-25-05-26-row-0290;07A;SETOR 7A;;;43769;2026-04-24;COMERCIAL OFFSHORE MACAE PARAFUSOS E FERRAMENTAS;PARAFUSO GALVANIZADO PARA TELHAS CABEÇA 8 MM X 20 MM;1100.0;352.0;BRASIL;Comprado;ESTRUTURAL;290
xlsx-25-05-26-row-0291;07A;SETOR 7A;;;43769;2026-04-24;COMERCIAL OFFSHORE MACAE PARAFUSOS E FERRAMENTAS;PARAFUSO DE COSTURA AUTOPERFURANTE P/ TELHADO E ACABAMENTOS PB1/4-14X7/8P1;200.0;88.0;BRASIL;Comprado;ESTRUTURAL;291
xlsx-25-05-26-row-0292;07A;SETOR 7A;;;43770;2026-05-01;LAGOS TELHAS LTDA;TELHA TRAPEZOIDAL GALVANIZADA 6 X 1,10 X 0,43M;16.0;4770.88;BRASIL;Comprado;ESTRUTURAL;292
xlsx-25-05-26-row-0293;07A;SETOR 7A;;;43770;2026-05-01;LAGOS TELHAS LTDA;TELHA TRAPEZOIDAL GALVANIZADA 6 X 1,10 X 0,43M;38.0;9712.12;BRASIL;Comprado;ESTRUTURAL;293
xlsx-25-05-26-row-0294;16;SETOR 16;;;43782;2026-04-24;COMERCIAL OFFSHORE MACAE PARAFUSOS E FERRAMENTAS;PARABOLT M10;250.0;1320.0;BRASIL;Comprado;ESTRUTURAL;294
xlsx-25-05-26-row-0295;07A;SETOR 7A;;;43877;2026-04-27;ATACADAO 1000 MATERIAIS DE CONSTRUCAO LTDA ME;AREIA;3.0;510.0;BRASIL;Comprado;CIVIL;295
xlsx-25-05-26-row-0296;07A;SETOR 7A;;;43877;2026-04-27;ATACADAO 1000 MATERIAIS DE CONSTRUCAO LTDA ME;MALHA 3.4 Q.61 15 X 15 3 X 2;60.0;4794.0;BRASIL;Comprado;CIVIL;296
xlsx-25-05-26-row-0297;07A;SETOR 7A;;;43877;2026-04-27;ATACADAO 1000 MATERIAIS DE CONSTRUCAO LTDA ME;LINHA PARA PEDREIRO TRANÇADA COM 50M;3.0;27.0;BRASIL;Comprado;CIVIL;297
xlsx-25-05-26-row-0298;07A;SETOR 7A;;;43877;2026-04-27;ATACADAO 1000 MATERIAIS DE CONSTRUCAO LTDA ME;LINHA DE NYLON PEDREIRO LARANJA 100MT;2.0;24.0;BRASIL;Comprado;CIVIL;298
xlsx-25-05-26-row-0299;07A;SETOR 7A;;;43877;2026-04-27;ATACADAO 1000 MATERIAIS DE CONSTRUCAO LTDA ME;SACO DE CIMENTO CPIII;14.0;602.0;BRASIL;Comprado;CIVIL;299
xlsx-25-05-26-row-0300;07A;SETOR 7A;;;43877;2026-04-27;ATACADAO 1000 MATERIAIS DE CONSTRUCAO LTDA ME;LAPIS;4.0;16.0;BRASIL;Comprado;CIVIL;300
xlsx-25-05-26-row-0301;07A;SETOR 7A;;;43877;2026-04-27;ATACADAO 1000 MATERIAIS DE CONSTRUCAO LTDA ME;PEDRA BRITADA;2.0;460.0;BRASIL;Comprado;CIVIL;301
xlsx-25-05-26-row-0302;07A;SETOR 7A;;;43877;2026-04-27;ATACADAO 1000 MATERIAIS DE CONSTRUCAO LTDA ME;PREGO 17 X 27 C/ CABECA;3.0;59.7;BRASIL;Comprado;CIVIL;302
xlsx-25-05-26-row-0303;07A;SETOR 7A;;;43923;2026-05-08;SUPERMIX CONCRETO S/A;CONCRETO USINADO;16.0;8960.0;BRASIL;Comprado;CIVIL;303
xlsx-25-05-26-row-0304;07A;SETOR 7A;;;43924;2026-05-04;MADEIREIRA IRMAOS CAMPANATI EIRELI-ME;TABUA DE PINUS 3,0 X 30CM X 2,5CM;60.0;852.0;BRASIL;Comprado;ESTRUTURAL;304
xlsx-25-05-26-row-0305;07A;SETOR 7A;;;43925;2026-05-04;COMERCIAL TJ ELETRICA E HIDRAULICA;COLUNA DE FERRO 5/16 20X7;24.0;368.93;BRASIL;Comprado;ESTRUTURAL;305
xlsx-25-05-26-row-0306;07A;SETOR 7A;;;43925;2026-05-04;COMERCIAL TJ ELETRICA E HIDRAULICA;CAIXA D'AGUA;3.0;1260.0;BRASIL;Comprado;CIVIL;306
xlsx-25-05-26-row-0307;07A;SETOR 7A;;;43925;2026-05-04;COMERCIAL TJ ELETRICA E HIDRAULICA;TRELIÇA TG8L;102.0;719.82;BRASIL;Comprado;ESTRUTURAL;307
xlsx-25-05-26-row-0308;03;SETOR 3;;;42994;2026-03-16;DIMENSIONAL CENTELHA SOLUÇOES LTDA;CABO FLEXIVEL PP 3X1,50MM;500.0;2735.0;BRASIL;Comprado;ESTRUTURAL;308
xlsx-25-05-26-row-0309;01;SETOR 1;;;44241;2026-05-08;FORT CONSTRUCOES COMERCIO E SERVICOS LTDA;FABRICAÇÃO DE TESOURAS, SAPATAS E COBERTURA;1.0;32250.0;BRASIL;Comprado;ESTRUTURAL;309
xlsx-25-05-26-row-0310;01;SETOR 1;;;44251;;G5 EQUIPAMENTOS E CONSTRUCAO LTDA;DEMOLIDOR E BETONEIRA;1.0;1060.0;BRASIL;Comprado;CIVIL;310
xlsx-25-05-26-row-0311;01;SETOR 1;;;44345;2026-05-14;COMERCIAL TJ ELETRICA E HIDRAULICA;SACO DE CIMENTO CPIII;10.0;385.0;BRASIL;Comprado;ESTRUTURAL;311
xlsx-25-05-26-row-0312;01;SETOR 1;;;44384;2026-05-22;EDFER - COMERCIO DE FERRO E ACO LTDA;PERFIL AC U SIMPLES 100 X 40 X 2,65 ESP;108.0;3646.08;BRASIL;Comprado;ESTRUTURAL;312
xlsx-25-05-26-row-0313;01;SETOR 1;;;44383;2026-05-22;EDFER - COMERCIO DE FERRO E ACO LTDA;"CANTONEIRA ABAS IGUAIS 2"" X 2"" X 1/4"" ESP. A36";24.0;852.48;BRASIL;Comprado;ESTRUTURAL;313
xlsx-25-05-26-row-0314;01;SETOR 1;;;44405;2026-05-20;LAGOS TELHAS LTDA;TELHA TRAPEZOIDAL GALVANIZADA 6 X 1,10 X 0,43M;264.0;11246.4;BRASIL;Comprado;ESTRUTURAL;314
xlsx-25-05-26-row-0315;01;SETOR 1;;;44418;2026-05-22;COMERCIAL OFFSHORE MACAE PARAFUSOS E FERRAMENTAS;PARAFUSO DE COSTURA AUTOPERFURANTE P/ TELHADO E ACABAMENTOS PB1/4-14X7/8P1;200.0;64.0;BRASIL;Comprado;ESTRUTURAL;315
xlsx-25-05-26-row-0316;01;SETOR 1;;;44418;2026-05-22;COMERCIAL OFFSHORE MACAE PARAFUSOS E FERRAMENTAS;PARAFUSO GALVANIZADO PARA TELHAS CABEÇA 8 MM X 20 MM;1000.0;340.0;BRASIL;Comprado;ESTRUTURAL;316
